id,latin,family,common,category,origin,climate,ideallight,toleratedlight,watering,insects,diseases,use,tempmax.celsius,tempmax.fahrenheit,tempmin.celsius,tempmin.fahrenheit
0,Aeschynanthus lobianus,Gesneriaceae,Lipstick,Hanging,Java,Tropical,Bright light,Direct sunlight,Keep moist between watering. Can be a bit dry between watering,Mealy bug; Aphid; Thrips,N/A,Hanging; Flower; Tertiary,32,89.6,14,57.2
1,Adiantum raddianum,Polypodiaceae,Maindenhair; Delta maidenhair,Fern,Brazil,Tropical,Bright light,Diffused,Keep moist between watering. Must not be dry between watering,Mealy bug; Aphid; Snail,Gray mold,Potted plant; Ground cover; Table top,30,86.0,12,53.6
2,Aechmea fatsiata,Bromeliaceae,Silver vase,Bromeliad,Brazil,Tropical humid,Bright light,Diffused,Water when soil is half dry. Change water in the vase regularly.,N/A,N/A,Flower; Table top; Tertiary,30,20.0,12,53.6
3,Agave angustilolia Marginata,Amaryllidaceae,Variegated Carabbean Agave; Century plant,Cactus And Succulent, India,Tropical,6 or more hours of direct sunlight per day.,Direct sunlight.,Water only when the soil is dry. Must be dry between watering,Scale; Mealy bug,N/A,Potted plant; Primary; Secondary,35,95.0,5,41.0
4,Aechmea ramosa,Bromeliaceae,Coral berry,Bromeliad,Brazil,Subtropical,Bright light,Diffused,Water when soil is half dry. Change water in the vase regularly.,N/A,N/A,Flower; Table top; Primary,30,20.0,12,53.6
5,Aechmea fasciata,Bromeliaceae,Silver vase,Bromeliad,Hybrid,Tropical humid,Bright light,Diffused,Water when soil is half dry. Change water in the vase regularly.,N/A,N/A,Flower; Table top; Tertiary,30,20.0,12,53.6
6,Agave filifera,Amaryllidaceae,Thread Agave; Century plant,Cactus And Succulent,Mexico,Arid Tropical,6 or more hours of direct sunlight per day.,Direct sunlight.,Water only when the soil is dry. Must be dry between watering,Scale; Mealy bug,N/A,Potted plant; Primary; Secondary,35,95.0,5,41.0
7,Adiantum hispidulum,Polypodiaceae,Rosy Maidenhair; Autralian maidenhair,Fern,Australia & New Guinea,Tropical,Bright light,Diffused,Keep moist between watering. Must not be dry between watering,Mealy bug; Aphid; Snail,Gray mold,Table top; Ground cover; Tertiary,30,20.0,12,53.6
8,Agave attenuata,Amaryllidaceae,Dragon tree Agave; Century plant,Cactus And Succulent,Mexico,Arid Tropical,6 or more hours of direct sunlight per day.,Direct sunlight.,Water only when the soil is dry. Must be dry between watering,Scale; Mealy bug,N/A,Potted plant; Primary; Secondary,35,95.0,5,41.0
9,Aglaonema,Araceae,Chinese Evergreen; Amelia,Aglaonema,Hybrid,Tropical,Bright light,Diffused,Keep moist between watering. Water when soil is half dry.,Mealy bug; Scale,Phytophtora; Crown rot,Potted plant; Secondary; Tertiary,28,82.4,18,64.4
10,Aglaonema,Araceae,Chinese Evergreen; Painted Princess,Aglaonema,Hybrid,Tropical,Bright light,Diffused,Keep moist between watering. Water when soil is half dry.,Mealy bug; Scale,Phytophtora; Crown rot,Potted plant; Secondary; Tertiary,28,82.4,18,64.4
11,Aglaonema,Araceae,Chinese Evergreen; Queen of Siam,Aglaonema,Hybrid,Tropical,Bright light,Diffused,Keep moist between watering. Water when soil is half dry.,Mealy bug; Scale,Phytophtora; Crown rot,Potted plant; Secondary; Tertiary,28,82.4,18,64.4
12,Aglaonema,Araceae,Chinese Evergreen; Jewel of India,Aglaonema,Hybrid,Tropical,Bright light,Diffused,Keep moist between watering. Water when soil is half dry.,Mealy bug; Scale,Phytophtora; Crown rot,Table top; Ground cover; Tertiary,28,82.4,18,64.4
13,Aglaonema,Araceae,Chinese Evergreen; Patricia,Aglaonema,Hybrid,Tropical,Bright light,Diffused,Keep moist between watering. Water when soil is half dry.,Mealy bug; Scale,Phytophtora; Crown rot,Potted plant; Secondary; Tertiary,28,82.4,18,64.4
14,Aglaonema,Araceae,Chinese Evergreen; Green Lady,Aglaonema,Hybrid,Tropical,Bright light,Diffused,Keep moist between watering. Water when soil is half dry.,Mealy bug; Scale,Phytophtora; Crown rot,Potted plant; Secondary; Tertiary,28,82.4,18,64.4
15,Aglaonema,Araceae,Chinese Evergreen; Black Lance,Aglaonema,Hybrid,Tropical,Bright light,Diffused,Keep moist between watering. Water when soil is half dry.,Mealy bug; Scale,Phytophtora; Crown rot,Potted plant; Secondary; Tertiary,28,82.4,18,64.4
16,Aglaonema,Araceae,Chinese Evergreen; Silver Queen,Aglaonema,Hybrid,Tropical,Bright light,Diffused,Keep moist between watering. Water when soil is half dry.,Mealy bug; Scale,Phytophtora; Crown rot,Potted plant; Secondary; Tertiary,28,82.4,18,64.4
17,Aglaonema,Araceae,Chinese Evergreen; Rapsody in Green,Aglaonema,Hybrid,Tropical,Bright light,Diffused,Keep moist between watering. Water when soil is half dry.,Mealy bug; Scale,Phytophtora; Crown rot,Potted plant; Primary; Secondary,28,82.4,18,64.4
18,Aglaonema,Araceae,Chinese Evergreen; Manila Pride,Aglaonema,Hybrid,Tropical,Bright light,Diffused,Keep moist between watering. Water when soil is half dry.,Mealy bug; Scale,Phytophtora; Crown rot,Potted plant; Secondary; Tertiary,28,82.4,18,64.4
19,Agave verschaffeltii,Amaryllidaceae,Blue Agave; Century plant,Cactus And Succulent,Mexico,Arid Tropical,6 or more hours of direct sunlight per day.,Direct sunlight.,Water only when the soil is dry. Must be dry between watering,Scale; Mealy bug,N/A,Potted plant; Primary; Secondary,35,95.0,12,53.6
20,Aglaonema,Araceae,Chinese Evergreen; Emerald Beauty,Aglaonema,Hybrid,Tropical,Bright light,Diffused,Keep moist between watering. Water when soil is half dry.,Mealy bug; Scale,Phytophtora; Crown rot,Table top; Ground cover; Tertiary,28,82.4,18,64.4
21,Aglaonema,Araceae,Chinese Evergreen; Jubilee,Aglaonema,Hybrid,Tropical,Bright light,Diffused,Keep moist between watering. Water when soil is half dry.,Mealy bug; Scale,Phytophtora; Crown rot,Potted plant; Secondary; Tertiary,28,82.4,18,64.4
22,Agave striata,Amaryllidaceae,Lilliput Agave; Century plant; Nana,Cactus And Succulent,Mexico,Arid Tropical,6 or more hours of direct sunlight per day.,Direct sunlight.,Water only when the soil is dry. Must be dry between watering,Scale; Mealy bug,N/A,Potted plant; Primary; Secondary,35,95.0,12,53.6
23,Aglaonema,Araceae,Chinese Evergreen; Abidjan,Aglaonema,Hybrid,Tropical,Bright light,Diffused,Keep moist between watering. Water when soil is half dry.,Mealy bug; Scale,Phytophtora; Crown rot,Potted plant; Secondary; Tertiary,28,82.4,18,64.4
24,Aglaonema,Araceae,Chinese Evergreen; Maria Chirstina,Aglaonema,Hybrid,Tropical,Bright light,Diffused,Keep moist between watering. Water when soil is half dry.,Mealy bug; Scale,Phytophtora; Crown rot,Potted plant; Ground cover; Tertiary,28,82.4,18,64.4
25,Alocasia nebula Imperialis,Araceae,Elephant ear,Other,Cultivar,Tropical humid,Bright light,Direct sunlight.,Keep moist between watering. Water when soil is half dry.,Spider mite; Mealy bug,Phytophtora; Crown rot,Colors / Forms; Table top; Tertiary,28,82.4,15,59.0
26,Aglaonema,Araceae,Chinese Evergreen; Emerald Isle,Aglaonema,Hybrid,Tropical,Bright light,Diffused,Keep moist between watering. Water when soil is half dry.,Mealy bug; Scale,Phytophtora; Crown rot,Potted plant; Secondary; Tertiary,28,82.4,18,64.4
27,Aglaonema,Araceae,Chinese Evergreen; Mary Ann,Aglaonema,Hybrid,Tropical,Bright light,Diffused,Keep moist between watering. Water when soil is half dry.,Mealy bug; Scale,Phytophtora; Crown rot,Potted plant; Secondary; Tertiary,28,82.4,18,64.4
28,Allamanda nerifolia,Apocynaceae,Golden Trumpet,Flower,Brazil,Tropical,6 or more hours of direct sunlight per day.,Direct sunlight.,Keep moist between watering. Water when soil is half dry.,Mealy bug; Scale; Spider mite,N/A,Flower,30,20.0,10,50.0
29,Aglaonema,Araceae,Chinese Evergreen; BJ Freeman,Aglaonema,Hybrid,Tropical,Bright light,Diffused,Keep moist between watering. Water when soil is half dry.,Mealy bug; Scale,Phytophtora; Crown rot,Potted plant; Primary; Secondary,28,82.4,18,64.4
30,Aglaonema,Araceae,Chinese Evergreen; Marguerita,Aglaonema,Hybrid,Tropical,Bright light,Diffused,Keep moist between watering. Water when soil is half dry.,Mealy bug; Scale,Phytophtora; Crown rot,Potted plant; Primary; Secondary,28,82.4,18,64.4
31,Aglaonema,Araceae,Chinese Evergreen; Emerald Star,Aglaonema,Hybrid,Tropical,Bright light,Diffused,Keep moist between watering. Water when soil is half dry.,Mealy bug; Scale,Phytophtora; Crown rot,Potted plant; Secondary; Secondary,28,82.4,18,64.4
32,Aglaonema,Araceae,Chinese Evergreen; Silver Bay,Aglaonema,Hybrid,Tropical,Bright light,Diffused,Keep moist between watering. Water when soil is half dry.,Mealy bug; Scale,Phytophtora; Crown rot,Potted plant; Secondary; Tertiary,28,82.4,18,64.4
33,Aspidistra elatior,Liliaceae,Cast iron plant,Foliage plant,China,Subtropical,Bright light,Diffused,Water when soil is half dry. Can be dry between watering.,Spider mite; Mealy bug; Scale,N/A,Ground cover; Potted plant,28,82.4,8,46.4
34,Anthurium superbum,Araceae,Bronze Anthurium,Anthurium,Ecuador,Tropical,Bright light,Diffused,Water when soil is half dry. Can be dry between watering.,Spider mite; Mealy bug,N/A,Table top; Colors / Forms; Secondary,28,82.4,18,64.4
35,Caryota mitis,Palmae,Fish tail palm,Palm, India,Tropical,Bright light,Diffused,Keep moist between watering. Must not be dry between watering,Spider mite; Mealy bug,N/A,Potted plant; Primary,25,77.0,10,50.0
36,Codiaeum petra,Euphorbiaceae,Croton,Foliage plant,Cultivar,Tropical,6 or more hours of direct sunlight per day.,Direct sunlight.,Keep moist between watering. Water when soil is half dry.,Spider mite; Mealy bug,N/A,Potted plant; Secondary,28,82.4,10,50.0
37,Cereus peruvianus,Cactaceae,Tree Cereus,Cactus And Succulent,Brazil,Arid Tropical,6 or more hours of direct sunlight per day.,Direct sunlight.,Water only when dry or when soil is half dry.,Scale; Mealy bug,N/A,Potted plant; Primary,35,95.0,5,41.0
38,Blechnum gibbum,Polypodiaceae,Miniature tree fern; Dwarf tree fern,Fern,New Calidonia,Tropical humid,Bright light,Diffused,Keep moist between watering. Must not be dry between watering,Mealy bug; Scale,N/A,Potted plant; Secondary,30,20.0,10,50.0
39,Chamaedorea elegans,Arecaceae,Bella palm; Neanthebella palm; Dwarf palm; Parlor palm,Palm,Mexico,Tropical,Bright light,Diffused,Keep moist between watering. Water when soil is half dry.,Spider mite; Mealy bug; Scale,N/A,Potted plant; Tertiary,28,82.4,5,41.0
40,Calathea veitchiana,Marantaceae,Medallion Calathea,Foliage plant,Hybrid,Tropical,Bright light,Diffused,Keep moist between watering. Water when soil is half dry.,Spider mite; Mealy bug; Scale,N/A,Table top; Ground cover,25,77.0,10,50.0
41,Calathea pictura Argentea,Marantaceae,Silver Calathea,Foliage plant,Cultivar,Tropical,Bright light,Diffused,Keep moist between watering. Water when soil is half dry.,Spider mite; Mealy bug; Scale,N/A,Table top; Ground cover; Tertiary,25,77.0,10,50.0
42,Bougainvillea,Nyctaginaceae,Bougainvillia; Paper flower,Flower,Cultivar,Tropical,6 or more hours of direct sunlight per day.,Direct sunlight.,Keep moist between watering. Water when soil is half dry.,Aphid; Mealy bug,N/A,Potted plant; Colors / Forms; Primary,32,89.6,10,50.0
43, Chamaedorea seifrizii,Arecaceae,Bamboo palm; Reed Palm,Palm,Mexico,Tropical,Bright light,Diffused,Keep moist between watering. Water when soil is half dry.,Spider mite; Mealy bug,N/A,Potted plant; Secondary,30,20.0,10,50.0
44, Alocasia X amazonica,Araceae,Elephant ear,Other,Hybrid,Tropical humid,Bright light,Diffused,Keep moist between watering. Water when soil is half dry.,Spider mite; Mealy bug,Phytophtora; Crown rot,Colors / Forms; Table top; Tertiary,28,82.4,15,59.0
45,Anthurium X,Araceae,Tailflower; Wax flower,Anthurium,Cultivar,Tropical,Bright light,Diffused,Water when soil is half dry. Can be dry between watering.,Spider mite; Mealy bug; Aphid,Erwinia; Crown rot,Flower; Table top; Tertiary,22,71.6,18,64.4
46,Anthurium hookeri,Araceae,Bird nest Anthurium; Cabbage Anthurium,Anthurium,Guyana,Tropical humid,Bright light,Diffused,Water when soil is half dry. Can be dry between watering.,Mealy bug; Snail; Aphid,Erwinia; Crown rot,Potted plant; Secondary,28,82.4,18,64.4
47,Cissus rhombifolia,Vitaceae,Grape Ivy; Ellen Danica,Hanging,Cultivar,Subtropical,Bright light,Diffused,Keep moist between watering. Can dry between watering,Mealy bug,Downy mildiou; Powdery,Hanging; Ground cover,28,82.4,10,50.0
48,Cereus peruvianus Monstrosus,Cactaceae,Monster cactus,Cactus And Succulent,Brazil,Arid Tropical,6 or more hours of direct sunlight per day.,Direct sunlight.,Water only when dry or when soil is half dry.,Scale; Mealy bug,N/A,Potted plant; Primary,35,95.0,5,41.0
49,Chamaedorea erumpens,Arecaceae,Bamboo palm,Palm,Honduras,Tropical,Bright light,Diffused,Keep moist between watering. Water when soil is half dry.,Spider mite; Mealy bug,N/A,Potted plant; Secondary,28,82.4,10,50.0
50,Calathea stromata,Marantaceae,Stromante,Foliage plant,Brazil,Tropical,Bright light,Diffused,Keep moist between watering. Water when soil is half dry.,Spider mite; Mealy bug; Scale,N/A,Table top; Ground cover,25,77.0,10,50.0
51,Codiaeum,Euphorbiaceae,Croton,Foliage plant,Cultivar,Tropical,6 or more hours of direct sunlight per day.,Direct sunlight.,Keep moist between watering. Water when soil is half dry.,Spider mite; Mealy bug,N/A,Secondary; Tertiary,28,82.4,10,50.0
52,Calathea rufibarba,Marantaceae,Velvet Calathea,Foliage plant,Brazil,Tropical,Bright light,Diffused,Keep moist between watering. Water when soil is half dry.,Spider mite; Mealy bug; Scale,N/A,Table top; Ground cover,25,77.0,10,50.0
53,Alocasias X Amazonica var,Araceae,Elephant ear,Other,Hybrid,Tropical humid,Bright light,Diffused,Keep moist between watering. Water when soil is half dry.,Spider mite; Mealy bug,Phytophtora; Crown rot,Colors / Forms; Table top; Tertiary,28,82.4,15,59.0
54,Crassula argentea,Crasssulaceae,Jade Plant,Cactus And Succulent,South Africa,Subtropical arid,6 or more hours of direct sunlight per day.,Direct sunlight.,Water only when the soil is dry. Must be dry between watering,Mealy bug,N/A,Potted plant; Primary,35,95.0,12,55.0
55,Alocasias X Amazonica,Araceae,Elephant ear,Other,Hybrid,Tropical humid,Bright light,Diffused,Keep moist between watering. Water when soil is half dry.,Spider mite; Mealy bug,Phytophtora; Crown rot,Colors / Forms; Potted plant; Primary,28,82.4,15,59.0
56,Cissus rhombifolia,Vitaceae,Grape Ivy,Hanging,Central America & South America,Tropical,Bright light,Diffused,Keep moist between watering. Can dry between watering,Mealy bug,Downy mildiou; Powdery,Hanging; Ground cover,28,82.4,10,50.0
57,Anthurium schlechtendalii,Araceae,Bird nest Anthurium; Cabbage Anthurium,Anthurium,Costa rica,Tropical,Bright light,Diffused,Water when soil is half dry. Can be dry between watering.,Spider mite; Mealy bug; Aphid,N/A,Potted plant; Colors / Forms; Primary,28,82.4,18,64.4
58,Chamaedorea metallica,Arecaceae,Miniature fishtail; Steel palm,Palm,Mexico,Tropical,Bright light,Diffused,Keep moist between watering. Water when soil is half dry.,Mealy bug,N/A,Potted plant; Secondary,30,20.0,10,50.0
59,Aspidistra elatior Minor,Liliaceae,Cast iron plant; Aspidistra Milky Way,Foliage plant,Japan,Subtropical,Bright light,Diffused,Water when soil is half dry. Can be dry between watering.,Spider mite; Mealy bug; Scale,N/A,Ground cover; Potted plant,28,82.4,8,46.4
60,Calathea ornata Rosea lineata,Marantaceae,Stiped calathea,Foliage plant,Cultivar,Tropical,Bright light,Diffused,Keep moist between watering. Water when soil is half dry.,Spider mite; Mealy bug; Scale,N/A,Table top; Ground cover; Tertiary,25,77.0,10,50.0
61,Asplenium nidus,Aspleniaceae,Birdnest fern,Fern,Asia,Tropical humid,Bright light,Diffused,Keep moist between watering. Must not be dry between watering,Mealy bug,N/A,Potted plant; Primary,28,82.4,15,59.0
62,Anthurium hookeri,Araceae,Bird nest Anthurium; Cabbage Anthurium,Anthurium,Guyana,Tropical humid,Bright light,Diffused,Water when soil is half dry. Can be dry between watering.,Mealy bug; Snail; Aphid,Erwinia; Crown rot,Potted plant; Primary,28,82.4,18,64.4
63,Chlorophytum comosum,Liliaceae,Spider plant,Hanging,Central Africa,Tropical to subtropical,Bright light,Diffused,Keep moist between watering. Water when soil is half dry.,N/A,N/A,Hanging; Ground cover,28,82.4,5,41.0
64,Didymochlaena truncatula,Dryopteridaceae,Tree Maindenhair fern,Fern,South America,Tropical humid,6 or more hours of direct sunlight per day.,Diffused,Keep moist between watering. Must not be dry between watering,Mealy bug; Scale,N/A,Potted plant; Tertiary,30,20.0,5,41.0
65,Dieffenbachia,Araceae,Dumcane; Tropic Mary Ann,Dieffenbachia,Hybrid,Tropical,Bright light,Diffused,Keep moist between watering. Can dry between watering,Spider mite; Mealy bug,Fusarium; Erwinia,Table top; Potted plant,28,82.4,12,53.6
66,Dieffenbachia,Araceae,Dumcane; Star Bright,Dieffenbachia,Hybrid,Tropical,Bright light,Diffused,Keep moist between watering. Can dry between watering,Spider mite; Mealy bug,Fusarium; Erwinia,Potted plant; Secondary,28,82.4,12,53.6
67,Dracaena marginata,Liliaceae,Madagascar dragon tree; Tricolor,Dracaena,Cultivar,Tropical,Bright light,Diffused,Keep moist between watering. Can dry between watering,Mealy bug; Scale; Spider mite,N/A,Potted plant; Secondary,28,82.4,10,50.0
68,Dracaena fragrans Massangeana,Liliaceae,Cornstalk plant,Dracaena,Cultivar,Tropical,Bright light,Diffused,Keep moist between watering. Can dry between watering,Mealy bug; Scale,N/A,Potted plant; Primary,30,20.0,10,50.0
69,Dracaena deremensis,Liliaceae,Janet Craig,Dracaena,Cultivar,Tropical,Bright light,Diffused,Keep moist between watering. Can dry between watering,Mealy bug; Scale,N/A,Potted plant; Secondary,30,20.0,10,50.0
70,Cryptanthus Rose Eliane,Bromeliaceae,,Bromeliad,Cultivar,Tropical,Bright light,Direct sunlight,Can be dry between watering. Water when soil is half dry.,N/A,N/A,Table top; Primary,28,82.4,10,50.0
71,Dracaena reflexa,Liliaceae,Yellow Malaysian Dracaena; Song of India,Dracaena, India,Tropical,6 or more hours of direct sunlight per day.,Direct sunlight.,Keep moist between watering. Water when soil is half dry.,Mealy bug,N/A,Potted plant; Primary,30,20.0,12,53.6
72,Dieffenbachia maculata,Araceae,Dumcane; Carina,Dieffenbachia,Hybrid,Tropical,Bright light,Diffused,Keep moist between watering. Can dry between watering,Spider mite; Mealy bug,Fusarium; Erwinia,Table top; Potted plant,28,82.4,12,53.6
73,Dracaena reflexa,Liliaceae,Malaysian Dracaena; Song of Jamaica,Dracaena,Cultivar,Tropical,Bright light,Diffused,Keep moist between watering. Water when soil is half dry.,Mealy bug,N/A,Potted plant; Secondary,30,20.0,12,53.6
74,Cycas revoluta,Cycadaceae,Sago palm; King sago,Palm,Japan,Subtropical,"Prefers bright, indirect sunlight.",/,Water when soil is half dry. Can be dry between watering.,Scale; Mealy bug,N/A,Potted plant; Primary,30,20.0,8,46.4
75,Crassula argentea,Crasssulaceae,Jade Plant,Cactus And Succulent,South Africa,Subtropical arid,6 or more hours of direct sunlight per day.,Direct sunlight.,Water only when the soil is dry. Must be dry between watering,Mealy bug,N/A,Potted plant; Primary,35,95.0,12,55.0
76,Ctenanthe lubbersiana,Marantaceae,Phrynium,Foliage plant,Brazil,Tropical,Bright light,Diffused,Keep moist between watering. Must not be dry between watering,Spider mite; Mealy bug,N/A,Potted plant; Secondary,25,77.0,12,53.6
77,Dracaena reflexa,Liliaceae,Malaysian Dracaena,Dracaena,Madagascar,Tropical,Bright light,Diffused,Keep moist between watering. Water when soil is half dry.,Mealy bug,N/A,Table top; Tertiary,30,20.0,12,53.6
78,Dracaena deremensis,Liliaceae,Striped Dracaena; Gold Star,Dracaena,Cultivar,Tropical,Bright light,Diffused,Keep moist between watering. Can dry between watering,Mealy bug; Scale,N/A,Potted plant; Secondary,30,20.0,10,50.0
79,Cyrtomium falcatum,Dryopteridaceae,Holly-fern,Fern,Asia,Subtropical,Bright light,Diffused,Keep moist between watering. Water when soil is half dry.,Scale; Mealy bug,N/A,Potted plant; Ground cover,30,20.0,5,41.0
80,Dracaena deremensis,Liliaceae,Dwarf bouquet; Calypso Queen; Janet Craig Compacta,Dracaena,Africa,Tropical,Bright light,Diffused,Keep moist between watering. Can dry between watering,Mealy bug; Scale,N/A,Potted plant; Secondary,30,20.0,10,50.0
81,Davallia trichomannoides,Davalliaceae,Rabbits foot; Squirrels foot,Fern,Canaries,Tropical,Bright light,Diffused,Water when soil is half dry. Can be dry between watering.,Mealy bug; Scale,N/A,Hanging; Potted plant,25,77.0,10,50.0
82,Dracaena deremensis,Liliaceae,Lisa Dracaena; Lisa,Dracaena,Cultivar,Tropical,Bright light,Diffused,Keep moist between watering. Can dry between watering,Mealy bug; Scale,N/A,Potted plant; Primary,30,20.0,10,50.0
83,Dracaena marginata,Liliaceae,Madagascar dragon tree,Dracaena,Madagascar,Tropical,Bright light,Diffused,Keep moist between watering. Can dry between watering,Mealy bug; Scale; Spider mite,N/A,Potted plant; Secondary,30,20.0,10,50.0
84,Dracaena deremensis,Liliaceae,Striped Dracaena; Warneckei,Dracaena,Africa,Tropical,Bright light,Diffused,Keep moist between watering. Can dry between watering,Mealy bug; Scale,N/A,Potted plant; Secondary,30,20.0,10,50.0
85,Dracaena deremensis,Liliaceae,Striped Dracaena; Lemon Lime,Dracaena,Cultivar,Tropical,Bright light,Diffused,Keep moist between watering. Can dry between watering,Mealy bug; Scale,N/A,Table top; Tertiary,30,20.0,10,50.0
86,Dieffenbachia maculata,Araceae,Dumcane; Camille,Dieffenbachia,Hybrid,Tropical,Bright light,Diffused,Keep moist between watering. Can dry between watering,Spider mite; Mealy bug,Fusarium; Erwinia,Table top; Potted plant,28,82.4,12,53.6
87,Dieffenbachia amoena,Araceae,Dumcane; Tropic Snow,Dieffenbachia,Cultivar,Tropical,Bright light,Diffused,Keep moist between watering. Can dry between watering,Spider mite; Mealy bug,Fusarium; Erwinia,Potted plant; Secondary,28,82.4,12,53.6
88,Ficus elastica,Moraceae,Rubber plant; Tineke,Ficus,Cultivar,Tropical,6 or more hours of direct sunlight per day.,Direct sunlight.,Keep moist between watering. Can dry between watering,Mealy bug; Scale,N/A,Table top; Tertiary,30,20.0,10,50.0
89,Dypsis lutescens,Arecaceae,Areca palm; Butterfly palm,Palm,Madagascar,Tropical,6 or more hours of direct sunlight per day.,Direct sunlight.,Keep moist between watering. Must not be dry between watering,Spider mite; Mealy bug; Scale,N/A,Potted plant; Secondary,28,82.4,10,50.0
90,Epiphyllum,Cactaceae,Orchid cactus,Cactus And Succulent,Hybrid,Tropical,Bright light,Direct sunlight,Keep moist between watering. Water when soil is half dry.,Mealy bug,N/A,Hanging; Secondary,32,89.6,5,41.0
91,Echinocactus grusonii,Cactaceae,Golden Barrel,Cactus And Succulent,Central Mexico,Arid Tropical,6 or more hours of direct sunlight per day.,/,Water only when dry. Must be dry between watering,Mealy bug; Scale; Spider mite,N/A,Potted plant; Primary,40,104.0,5,41.0
92,Euphorbia milii,Euphorbiaceae,Christ thorn; Crown of thorns,Cactus And Succulent,Madagascar,Arid Tropical,6 or more hours of direct sunlight per day.,Direct sunlight.,Water only when the soil is dry. Must be dry between watering,Mealy bug; White fly,Downy mildiou; Gray mold,Table top; Tertiary,35,95.0,12,53.6
93,Epipremnum aureum,Araceae,White Pothos; Marble Queen,Hanging,Cultivar,Tropical,Bright light,Diffused,Keep moist between watering. Water when soil is half dry.,Mealy bug,Pythium,Hanging; Tertiary,30,20.0,12,53.6
94,Guzmania,Bromeliaceae,Guzmania; Guzmania Sunnytime,Bromeliad,Cultivar,Tropical,Bright light,Diffused,Water when soil is half dry. Change water in the vase regularly.,N/A,N/A,Table top; Tertiary,30,20.0,10,50.0
95,Ficus maclellandii,Moraceae,Willow fig tree; Amstel King,Ficus,Cultivar,Tropical,6 or more hours of direct sunlight per day.,Direct sunlight.,Keep moist between watering. Must not be dry between watering,Spider mite; Mealy bug; Scale,N/A,Potted plant; Primary,30,20.0,10,50.0
96,Guzmania,Bromeliaceae,Guzmania; Guzmania Empire,Bromeliad,Cultivar,Tropical,Bright light,Diffused,Water when soil is half dry. Change water in the vase regularly.,N/A,N/A,Table top; Tertiary,30,20.0,10,50.0
97,Ficus benjamina,Moraceae,Weeping fig,Ficus,Cultivar,Tropical,6 or more hours of direct sunlight per day.,Direct sunlight.,Keep moist between watering. Must not be dry between watering,Spider mite; Mealy bug; Scale,N/A,Potted plant; Secondary,30,20.0,10,50.0
98,Fatsia japonica,Araliaceae,Japanese Aralia,Aralia,Japan,Subtropical,Bright light,Direct sunlight,Keep moist between watering. Water when soil is half dry.,Spider mite; Mealy bug; Scale,N/A,Table top; Potted plant,28,82.4,8,46.4
99,Euphorbia ammack,Euphorbiaceae,Variegated Euphorbia,Cactus And Succulent,Africa,Arid Tropical,6 or more hours of direct sunlight per day.,Direct sunlight.,Must be dry between watering. Water only when dry.,Mealy bug; White fly,Downy mildiou,Potted plant; Primary,35,95.0,12,53.6
100,Ficus pumila,Moraceae,Creeping fig; Curl,Ficus,Cultivar,Tropical,6 or more hours of direct sunlight per day.,Direct sunlight.,Keep moist between watering. Must not be dry between watering,Spider mite; Mealy bug; Scale,N/A,Hanging; Ground cover,30,20.0,10,50.0
101,Guzmania,Bromeliaceae,Guzmania; Claret,Bromeliad,Cultivar,Tropical,Bright light,Diffused,Water when soil is half dry. Change water in the vase regularly.,N/A,N/A,Table top; Tertiary,30,20.0,10,50.0
102,Ficus elastica,Moraceae,Rubber plant; Robusta,Ficus,Cultivar,Tropical,6 or more hours of direct sunlight per day.,Direct sunlight.,Keep moist between watering. Can dry between watering,Mealy bug; Scale,N/A,Potted plant; Secondary,30,20.0,10,50.0
103,Hedera canariensis,Araliaceae,Algerian ivy; Montgomery ivy,Hanging,Canaries,Subtropical,Bright light,Diffused,Keep moist between watering. Water when soil is half dry.,Spider mite; Mealy bug; Scale,N/A,Hanging; Ground cover,30,20.0,5,41.0
104,Epipremnum aureum,Araceae,Golden Pothos,Hanging,South Pacific,Tropical,Bright light,Diffused,Keep moist between watering. Water when soil is half dry.,Mealy bug,Pythium,Hanging; Tertiary,30,20.0,12,53.6
105,Ficus lyrata,Moraceae,Fidleleaf fig,Ficus,Ouest Africa,Tropical,6 or more hours of direct sunlight per day.,Direct sunlight.,Keep moist between watering. Water when soil is half dry.,Spider mite; Mealy bug; Scale,N/A,Potted plant; Secondary,30,20.0,10,50.0
106,Euphorbia ingens,Euphorbiaceae,Giant Candelabra tree,Cactus And Succulent,South Africa,Arid Tropical,6 or more hours of direct sunlight per day.,Direct sunlight.,Water only when the soil is dry. Must be dry between watering,Mealy bug,Downy mildiou,Potted plant; Primary,35,95.0,12,53.6
107,Ficus benjamina,Moraceae,Weeping fig; Monique,Ficus,Cultivar,Tropical,6 or more hours of direct sunlight per day.,Direct sunlight.,Keep moist between watering. Must not be dry between watering,Spider mite; Mealy bug; Scale,N/A,Potted plant; Secondary,30,20.0,10,50.0
108,Guzmania,Bromeliaceae,Guzmania; Mariposa,Bromeliad,Cultivar,Tropical,Bright light,Diffused,Water when soil is half dry. Change water in the vase regularly.,N/A,N/A,Table top; Tertiary,30,20.0,10,50.0
109,Ficus maclellandii Alii,Moraceae,Willow Ficus,Ficus,Cultivar,Tropical,6 or more hours of direct sunlight per day.,Direct sunlight.,Keep moist between watering. Must not be dry between watering,Spider mite; Mealy bug; Scale,N/A,Potted plant; Primary,30,20.0,10,50.0
110,Guzmania,Bromeliaceae,Guzmania; Marjan,Bromeliad,Cultivar,Tropical,Bright light,Diffused,Water when soil is half dry. Change water in the vase regularly.,N/A,N/A,Table top; Tertiary,30,20.0,10,50.0
111,Ficus benjamina,Moraceae,Weeping fig; Midnight,Ficus,Cultivar,Tropical,6 or more hours of direct sunlight per day.,Direct sunlight.,Keep moist between watering. Must not be dry between watering,Spider mite; Mealy bug; Scale,N/A,Potted plant; Secondary,30,20.0,10,50.0
112,Guzmania,Bromeliaceae,Guzmania; Rana,Bromeliad,Cultivar,Tropical,Bright light,Diffused,Water when soil is half dry. Change water in the vase regularly.,N/A,N/A,Table top; Tertiary,30,20.0,10,50.0
113,Ficus elastica,Moraceae,Rubber plant; Burgandy,Ficus,Cultivar,Tropical,6 or more hours of direct sunlight per day.,Direct sunlight.,Keep moist between watering. Can dry between watering,Mealy bug; Scale,N/A,Potted plant; Secondary,30,20.0,10,50.0
114,Euphorbia drupifera,Euphorbiaceae,,Cactus And Succulent,Guinea,Arid Tropical,6 or more hours of direct sunlight per day.,Direct sunlight.,Water only when the soil is dry. Must be dry between watering,Mealy bug,Downy mildiou,Potted plant; Primary,35,95.0,12,53.6
115,Hedera helix,Araliaceae,English ivy; Gold Baby,Hanging,Cultivar,Subtropical,Bright light,Diffused,Keep moist between watering. Water when soil is half dry.,Spider mite; Mealy bug,N/A,Hanging; Ground cover,30,20.0,5,41.0
116,Maranta leuconeura erythroneura,Marantaceae,Herringbone; Pink praying plant,Hanging,Brazil,Tropical,Bright light,Diffused,Keep moist between watering. Water when soil is half dry.,Mealy bug,N/A,Hanging; Table top,28,82.4,12,53.6
117,Hedera helix,Araliaceae,English ivy; Hermania,Hanging,Cultivar,Subtropical,Bright light,Diffused,Keep moist between watering. Water when soil is half dry.,Spider mite; Mealy bug,N/A,Hanging; Ground cover,30,20.0,5,41.0
118,Monstera deliciosa,Araceae,Splitleaf Philodendron; Mexican Breadfruit,Philodendron,Central America,Tropical,Bright light,Diffused,Water when soil is half dry. Can be dry between watering.,Mealy bug,N/A,Potted plant; Secondary,32,89.6,12,53.6
119,Mandevilla X,Apocynaceae,,Flower,Hybrid,Tropical,6 or more hours of direct sunlight per day.,Direct sunlight.,Keep moist between watering. Must not be dry between watering,Spider mite; Mealy bug; Aphid,N/A,Flower; Potted plant,30,20.0,10,50.0
120,Peperomia obtusifolia,Piperaceae,Baby rubber plant; Pepper face,Other,Venezuela,Tropical,Bright light,/,Keep moist between watering. Water when soil is half dry.,Mealy bug,N/A,Table top; Ground cover; Tertiary,32,89.6,10,50.0
121,Ophiopogon japonicus,Liliaceae,Snakes beard,Grass,Japan,Subtropical,Bright light,Direct sunlight,Keep moist between watering. Water when soil is half dry.,Spider mite; Scale,N/A,Ground cover; Tertiary,28,82.4,5,41.0
122,Hedychium coronarium,Zingiberaceae,Butterfly Ginger; White Ginger,Flower,China,Subtropical,6 or more hours of direct sunlight per day.,Direct sunlight.,Keep moist between watering. Must not be dry between watering,N/A,N/A,Flower; Secondary,30,20.0,10,50.0
123,Hedera helix variegata,Araliaceae,English ivy; Variegated English ivy,Hanging,Cultivar,Subtropical,Bright light,Diffused,Keep moist between watering. Water when soil is half dry.,Spider mite; Mealy bug,N/A,Hanging; Ground cover,30,20.0,5,41.0
124,Pellaea falcata,Sinopteridaceae,,Fern,Australia & New Guinea,Tropical,Bright light,Diffused,Keep moist between watering. Must not be dry between watering,Mealy bug,N/A,Table top; Ground cover; Tertiary,25,77.0,12,53.6
125,Hedera helix,Araliaceae,English ivy; Garland,Hanging,Cultivar,Subtropical,Bright light,Diffused,Keep moist between watering. Water when soil is half dry.,Spider mite; Mealy bug,N/A,Hanging; Ground cover,30,20.0,5,41.0
126,Hoya carnosa Exotica,Asclepiadaceae,Wax plant,Hanging,Cultivar,Tropical,Bright light,Diffused,Water when soil is half dry. Can be dry between watering.,Mealy bug; Thrips,N/A,Hanging; Table top,28,82.4,12,53.6
127,Nerium oleander,Apocynaceae,Oleander; Rose bay,Flower,Mediterranean,Subtropical,6 or more hours of direct sunlight per day.,/,Keep moist between watering. Must not be dry between watering,Scale; Aphid; Mealy bug,N/A,Potted plant; Secondary,30,20.0,5,41.0
128,Pachypodium geayi,Apocynaceae,Madagascar Palm,Cactus And Succulent,Madagascar,Arid Tropical,6 or more hours of direct sunlight per day.,Direct sunlight.,Water only when the soil is dry. Must be dry between watering,Mealy bug,N/A,Potted plant; Primary,35,95.0,8,46.4
129,Licuala spinosa,Arecaceae,Spiny licuala palm,Palm,Malaysia,Tropical,Bright light,Direct sunlight,Keep moist between watering. Water when soil is half dry.,Mealy bug; Scale,N/A,Potted plant; Secondary,30,20.0,15,59.0
130,Philodendron,Araceae,Red Philodendron; Imperial Red,Philodendron,Cultivar,Tropical,Bright light,Diffused,Keep moist between watering. Water when soil is half dry.,Mealy bug,Erwinia,Table top; Secondary,28,82.4,18,64.4
131,Neoregelia Flandria,Bromeliaceae,,Bromeliad,Cultivar,Tropical,Bright light,Diffused,Change water regularly in the vase. Water when soil is half dry.,N/A,N/A,Table top; Colors / Forms,30,20.0,12,53.6
132,Liriope muscari Variegata,Liliaceae,Variegated lily turf,Foliage plant,Japan,Subtropical,Bright light,Direct sunlight,Keep moist between watering. Water when soil is half dry.,Spider mite; Scale,N/A,Ground cover; Table top,30,20.0,8,46.4
133,Philodendron micans,Araceae,Velvet leaf vine,Philodendron,Dominica,Tropical,Bright light,Diffused,Keep moist between watering. Water when soil is half dry.,Mealy bug,Erwinia,Hanging; Secondary,28,82.4,18,64.4
134,Maranta leuconeura kerchoveana,Marantaceae,Green prayer plant; Herringbone,Hanging,Brazil,Tropical,Bright light,Diffused,Keep moist between watering. Water when soil is half dry.,Mealy bug,N/A,Hanging; Table top,28,82.4,12,53.6
135,Neoregelia Victoria Pink,Bromeliaceae,,Bromeliad,Cultivar,Tropical,Bright light,Diffused,Change water regularly in the vase. Water when soil is half dry.,N/A,N/A,Table top; Colors / Forms,30,20.0,12,53.6
136,Nolina recurvata,Agavaceae,Elephant foot; Pony tail,Foliage plant,Mexico,Arid Tropical,6 or more hours of direct sunlight per day.,Direct sunlight.,Water when soil is half dry. Can be dry between watering.,Scale; Mealy bug,N/A,Primary; Potted plant,32,89.6,12,53.6
137,Philodendron,Araceae,Lime philodendron; Moonlight,Philodendron,Cultivar,Tropical,Bright light,Diffused,Keep moist between watering. Water when soil is half dry.,Mealy bug,Erwinia,Table top; Secondary,28,82.4,18,64.4
138,Phalaenopsis X,Orchidaceae,,Flower,Hybrid,Tropical humid,Bright light,Diffused,Water when soil is half dry. Can be dry between watering.,Thrips; Aphid,N/A,Table top; Secondary,28,82.4,12,53.6
139,Hyophorbe verschaffeltii,Arecaceae,Spindle palm,Palm,Rodrigue Island,Tropical,6 or more hours of direct sunlight per day.,Direct sunlight.,Keep moist between watering. Water when soil is half dry.,Mealy bug; Scale,N/A,Potted plant; Primary,35,95.0,10,50.0
140,Hedera helix,Araliaceae,English ivy,Topiairy,Cultivar,Subtropical,Bright light,Diffused,Keep moist between watering. Water when soil is half dry.,Spider mite; Mealy bug,N/A,Hanging; Ground cover,30,20.0,5,41.0
141,Nolina guatemalensis,Agavaceae,Elephant foot; Pony tail,Foliage plant,Mexico,Arid Tropical,6 or more hours of direct sunlight per day.,Direct sunlight.,Water when soil is half dry. Can be dry between watering.,Scale; Mealy bug,N/A,Primary; Potted plant,32,89.6,12,53.6
142,Medinilla magnifica,Melastomataceae,Rose grape,Flower,Philippines,Tropical,6 or more hours of direct sunlight per day.,Direct sunlight.,Keep moist between watering. Must not be dry between watering,Mealy bug,N/A,Potted plant; Flower,30,20.0,15,59.0
143,Hibiscus rosa sinensis,Malvaceae,Chinese hibiscus,Flower,Asia,Tropical,6 or more hours of direct sunlight per day.,Direct sunlight.,Keep moist between watering. Must not be dry between watering,Spider mite; Aphid; White fly,N/A,Flower; Secondary,28,82.4,10,50.0
144,Nephrolepis exaltata var,Nephrolepidaceae,Boston fern; Sword fern,Fern,Cultivar,Tropical,Bright light,Diffused,Keep moist between watering. Water when soil is half dry.,Mealy bug; Scale,N/A,Hanging; Tertiary,28,82.4,10,50.0
145,Howea forsteriana,Arecaceae,Kentia palm; Paradise palm,Palm,South Pacific,Tropical,Bright light,Diffused,Keep moist between watering. Must not be dry between watering,N/A,N/A,Potted plant; Primary,28,82.4,12,53.6
146,Philodendron,Araceae,Emerald Prince,Philodendron,Cultivar,Tropical,Bright light,Diffused,Keep moist between watering. Water when soil is half dry.,Mealy bug,Erwinia,Table top; Secondary,28,82.4,18,64.4
147,Homalomena,Araceae,Emerald Gem,Foliage plant,Cultivar,Tropical,Bright light,Diffused,Keep moist between watering. Water when soil is half dry.,Mealy bug,N/A,Table top; Tertiary,28,82.4,10,50.0
148,Peperomia clusiifolia,Piperaceae,Tricolor Peperomia,Other,Cultivar,Tropical,Bright light,/,Keep moist between watering. Water when soil is half dry.,Mealy bug,N/A,Table top; Ground cover; Tertiary,32,89.6,10,50.0
149,Pandorea jasminoides,Bignoniaceae,Bower plant; Bower of beauty,Flower,Australia,Subtropical,6 or more hours of direct sunlight per day.,Direct sunlight.,Keep moist between watering. Water when soil is half dry.,Mealy bug,N/A,Potted plant; Secondary,28,82.4,8,46.4
150,Neoregelia carolinae var.,Bromeliaceae,,Bromeliad,Cultivar,Tropical,Bright light,Diffused,Change water regularly in the vase. Water when soil is half dry.,N/A,N/A,Table top; Colors / Forms,30,20.0,12,53.6
151,Radermachera sinica,Bignoniaceae,China doll,Other,China,Subtropical,6 or more hours of direct sunlight per day.,Direct sunlight.,Keep moist between watering. Water when soil is half dry.,Mealy bug,N/A,Table top; Tertiary,28,82.4,8,46.4
152,Pteris cretica Parkeri,Pteridaceae,Cretan brake,Fern,Cultivar,Tropical humid,Bright light,/,Keep moist between watering. Must not be dry between watering,N/A,N/A,Table top; Tertiary,28,82.4,12,53.6
153,Polystichum tsus simense,Dryopteridaceae,Korean rock fern; Tsu sima holly fern,Fern,Korea,Subtropical,Bright light,/,Keep moist between watering. Must not be dry between watering,N/A,N/A,Table top; Tertiary,28,82.4,-5,23.0
154,Polystichum polyblepharum,Dryopteridaceae,Japanese tassel fern,Fern,Japan,Subtropical,Bright light,/,Keep moist between watering. Must not be dry between watering,N/A,N/A,Table top; Tertiary,28,82.4,-5,23.0
155,Ravenea rivularis,Arecaceae,Majesty palm,Palm,Madagascar,Tropical,6 or more hours of direct sunlight per day.,Direct sunlight.,Keep moist between watering. Must not be dry between watering,Spider mite; Mealy bug,N/A,Potted plant; Secondary,30,20.0,8,46.4
156,Polyscias scutellaria,Araliaceae,Fabian Aralia; Red Aralia,Aralia,Asia,Tropical,6 or more hours of direct sunlight per day.,Direct sunlight.,Keep moist between watering. Water when soil is half dry.,Spider mite; Aphid; Mealy bug,N/A,Potted plant; Primary,30,20.0,12,53.6
157,Pteris cretica Albo lineata,Pteridaceae,Silver Ribbon Fern,Fern,Cultivar,Tropical humid,Bright light,/,Keep moist between watering. Must not be dry between watering,N/A,N/A,Table top; Tertiary,28,82.4,12,53.6
158,Platycerium bifurcatum,Polypodiaceae,Staghorn fern,Fern,Australia,Tropical,Bright light,Diffused,Keep moist between watering. Water when soil is half dry.,N/A,N/A,Potted plant; Tertiary,30,20.0,5,41.0
159,Philodendron Xanadu,Araceae,,Philodendron,Cultivar,Tropical,Bright light,Diffused,Keep moist between watering. Water when soil is half dry.,Mealy bug,Erwinia,Potted plant; Secondary,28,82.4,18,64.4
160,Polyscias pinnatta,Araliaceae,Balfour aralia; Aralia Balfouriana; Lemon Lime,Aralia,Cultivar,Tropical,6 or more hours of direct sunlight per day.,Direct sunlight.,Keep moist between watering. Water when soil is half dry.,Spider mite; Aphid; Mealy bug,N/A,Potted plant; Primary,30,20.0,12,53.6
161,Philodendron Tatei Congo,Araceae,,Philodendron,Cultivar,Tropical,Bright light,Diffused,Keep moist between watering. Water when soil is half dry.,Mealy bug,Erwinia,Table top; Secondary,28,82.4,18,64.4
162,Sansevieria trifasciata Laurentii,Liliaceae,Snake plant,Sansevieria,South Africa,Tropical,Bright light,Diffused,Water when soil is half dry. Can be dry between watering.,N/A,N/A,Potted plant; Tertiary,35,95.0,10,50.0
163,Philodendron pinnatifidum,Araceae,Fernleaf Philodendron,Philodendron,Venezuela,Tropical,Bright light,Diffused,Keep moist between watering. Water when soil is half dry.,Mealy bug,Erwinia,Table top; Tertiary,28,82.4,18,64.4
164,Podocarpus gracilior,Podocarpaceae,African fern pine; Buddhist pine,Foliage plant,Central Africa,Subtropical,6 or more hours of direct sunlight per day.,Direct sunlight.,Keep moist between watering. Must not be dry between watering,Mealy bug; Scale,N/A,Potted plant; Primary,30,20.0,10,50.0
165,Sansevieria trifasciata Hahnii,Liliaceae,Birdnest sansevieria; Snake plant,Sansevieria,Cultivar,Tropical,Bright light,Diffused,Water when soil is half dry. Can be dry between watering.,N/A,N/A,Table top; Tertiary,35,95.0,10,50.0
166,Sansevieria trifasciata,Liliaceae,Snake plant,Sansevieria,South Africa,Subtropical,Bright light,Diffused,Water when soil is half dry. Can be dry between watering.,N/A,N/A,Potted plant; Primary,35,95.0,10,50.0
167,Polyscias crispata,Araliaceae,Chicken gizard aralia,Aralia,Malaysia,Tropical,6 or more hours of direct sunlight per day.,Direct sunlight.,Keep moist between watering. Water when soil is half dry.,Spider mite; Aphid; Mealy bug,N/A,Potted plant; Primary,30,20.0,12,53.6
168,Phoenix roebellinii,Palmae,Pignee Date palm,Palm,Vietnam,Tropical,6 or more hours of direct sunlight per day.,/,Keep moist between watering. Must not be dry between watering,Spider mite; Scale,N/A,Potted plant; Primary,28,82.4,8,46.4
169,Polyscias pinnata Marginata,Araliaceae,Variegated Balfour aralia; Aralia Balfouriana,Aralia,Cultivar,Tropical,6 or more hours of direct sunlight per day.,Direct sunlight.,Keep moist between watering. Water when soil is half dry.,Spider mite; Aphid; Mealy bug,N/A,Potted plant; Primary,30,20.0,12,53.6
170,Polyscias fruticosa Elegans,Araliaceae,Ming Aralia; Parsley panax,Aralia,Malaysia,Tropical,6 or more hours of direct sunlight per day.,Direct sunlight.,Keep moist between watering. Water when soil is half dry.,Spider mite; Aphid; Mealy bug,N/A,Potted plant; Primary,30,20.0,12,53.6
171,Philodendron selloum,Araceae,Lacy tree philodendron,Philodendron,Brazil,Tropical,Bright light,Diffused,Keep moist between watering. Water when soil is half dry.,Mealy bug,Erwinia,Potted plant; Secondary,28,82.4,18,64.4
172,Pteris ensiformis Evergemiensis,Pteridaceae,Silver Lace Fern,Fern,Asia,Tropical humid,Bright light,/,Keep moist between watering. Must not be dry between watering,N/A,N/A,Table top; Tertiary,28,82.4,12,53.6
173,Rhapis excelsa,Arecaceae,Lady palm,Palm,China,Subtropical,Bright light,Diffused,Keep moist between watering. Must not be dry between watering,N/A,N/A,Potted plant; Secondary,30,20.0,8,46.4
174,Polyscias fruticosa,Araliaceae,Ming Aralia; Parsley panax,Aralia,Malaysia,Tropical,6 or more hours of direct sunlight per day.,Direct sunlight.,Keep moist between watering. Water when soil is half dry.,Spider mite; Aphid; Mealy bug,N/A,Potted plant; Primary,30,20.0,12,53.6
175,Philodendron scandens oxycardium,Araceae,Parlor ivy; Sweetheart plant; Heartleaf philodendron; Cordatum vine,Philodendron,Central America,Tropical,Bright light,Diffused,Keep moist between watering. Water when soil is half dry.,Mealy bug,Erwinia,Potted plant; Secondary,28,82.4,18,64.4
176,Veitchia merrillii,Arecaceae,Adonidia; Christmas palm; Manila palm,Palm,Philippines,Tropical,6 or more hours of direct sunlight per day.,Direct sunlight.,Keep moist between watering. Must not be dry between watering,Spider mite; Mealy bug,N/A,Potted plant; Secondary,30,20.0,15,59.0
177,Spathiphyllum Lynise,Araceae,Peace lily,Spathiphyllum,Cultivar,Tropical,Bright light,Diffused,Keep moist between watering. Must not be dry between watering,Mealy bug; Thrips,Phytophtora,Potted plant; Secondary,28,82.4,15,59.0
178,Spathiphyllum Ceres,Araceae,Peace lily,Spathiphyllum,Cultivar,Tropical,Bright light,Diffused,Keep moist between watering. Must not be dry between watering,Mealy bug; Thrips,Phytophtora,Table top; Tertiary,28,82.4,15,59.0
179,Vriesea splendens,Bromeliaceae,,Bromeliad,Venezuela,Tropical,Bright light,Diffused,Change water regularly in the vase. Water when soil is half dry.,N/A,N/A,Table top; Tertiary,28,82.4,15,59.0
180,Trichilia dregei,Miliaceae,Cape mahogany; Christmas bells,Other,Zimbabwe,Tropical humid,Bright light,Diffused,Keep moist between watering. Must not be dry between watering,Mealy bug,N/A,Potted plant; Secondary,28,82.4,12,53.6
181,Vriesea Ginger,Bromeliaceae,,Bromeliad,Cultivar,Tropical,Bright light,Diffused,Change water regularly in the vase. Water when soil is half dry.,N/A,N/A,Table top; Tertiary,28,82.4,15,59.0
182,Vriesea Charlotte,Bromeliaceae,,Bromeliad,Cultivar,Tropical,Bright light,Diffused,Change water regularly in the vase. Water when soil is half dry.,N/A,N/A,Table top; Tertiary,28,82.4,15,59.0
183,Syngonium podophyllum,Araceae,African evergreen; Arrowhead vine; Goosefoot plant; White Lightning,Hanging,Cultivar,Tropical humid,Bright light,Diffused,Keep moist between watering. Water when soil is half dry.,Spider mite; Mealy bug,Crown rot; Erwinia,Hanging; Tertiary,28,82.4,12,53.6
184,Syagrus schizophylla,Arecaceae,Parrot palm,Palm,Brazil,Tropical humid,6 or more hours of direct sunlight per day.,Direct sunlight.,Keep moist between watering. Water when soil is half dry.,N/A,N/A,Potted plant; Primary,30,20.0,12,53.6
185,Tillandsia cyanea,Bromeliaceae,Pink quill,Bromeliad,Ecuador,Tropical humid,Bright light,Diffused,Change water regularly in the vase. Water when soil is half dry.,N/A,N/A,Table top; Tertiary,30,20.0,15,59.0
186,Vriesea Christiane,Bromeliaceae,,Bromeliad,Cultivar,Tropical,Bright light,Diffused,Change water regularly in the vase. Water when soil is half dry.,N/A,N/A,Table top; Tertiary,28,82.4,15,59.0
187,Tillandsia Creation,Bromeliaceae,,Bromeliad,Hybrid,Tropical humid,Bright light,Diffused,Change water regularly in the vase. Water when soil is half dry.,N/A,N/A,Table top; Tertiary,30,20.0,15,59.0
188,Xanthosoma lindenii,Araceae, Indian kale,Foliage plant,Colombia,Tropical,Bright light,Diffused,Keep moist between watering. Water when soil is half dry.,Spider mite; Mealy bug,N/A,Potted plant; Primary,28,82.4,12,53.6
189,Schefflera elegantissima,Araliaceae,False aralia,Aralia,New Calidonia,Tropical,6 or more hours of direct sunlight per day.,Direct sunlight.,Keep moist between watering. Can dry between watering,Spider mite; Mealy bug; Scale,N/A,Potted plant; Secondary,28,82.4,12,53.6
190,Spathiphyllum Sensation,Araceae,Peace lily,Spathiphyllum,Cultivar,Tropical,Bright light,Diffused,Keep moist between watering. Must not be dry between watering,Mealy bug; Thrips,Phytophtora,Potted plant; Primary,28,82.4,15,59.0
191,Spathiphyllum Starlight,Liliaceae,Peace lily,Spathiphyllum,Cultivar,Tropical,Bright light,Diffused,Keep moist between watering. Must not be dry between watering,Mealy bug; Thrips,Phytophtora,Table top; Tertiary,28,82.4,15,59.0
192,Sedum morganianum,Crasssulaceae,Burro tail,Hanging,Mexico,Arid Tropical,6 or more hours of direct sunlight per day.,Direct sunlight.,Water only when the soil is dry. Must be dry between watering,Mealy bug,N/A,Hanging; Tertiary,35,95.0,8,46.4
193,Spathiphyllum Domino,Araceae,Peace lily,Spathiphyllum,Cultivar,Tropical,Bright light,Diffused,Keep moist between watering. Must not be dry between watering,Mealy bug; Thrips,Phytophtora,Table top; Tertiary,28,82.4,15,59.0
194,Syngonium podophyllum,Araceae,African evergreen; Arrowhead vine; Goosefoot plant; Pink Allusion,Hanging,Cultivar,Tropical humid,Bright light,Diffused,Keep moist between watering. Water when soil is half dry.,Spider mite; Mealy bug,Crown rot; Erwinia,Hanging; Tertiary,28,82.4,12,53.6
195,Scindapsus pictus argyraeus,Araceae,Picta Philodendron; Satin pothos; Devils ivy,Hanging,Indonisia,Tropical,Bright light,Diffused,Water when soil is half dry. Can be dry between watering.,Mealy bug,N/A,Hanging; Tertiary,30,20.0,12,53.6
196,Xanthorrhoea arborea,Liliaceae,Grass tree,Other,Australia,Arid Tropical,6 or more hours of direct sunlight per day.,/,Water only when the soil is dry. Must be dry between watering,N/A,N/A,Potted plant; Primary,35,95.0,12,53.6
197,Schefflera arboricola Trinette,Araliaceae,Yellow Hawaiian elf; Yellow parasol plant,Schefflera,Cultivar,Tropical,6 or more hours of direct sunlight per day.,Direct sunlight.,Keep moist between watering. Water when soil is half dry.,Spider mite; Aphid; Mealy bug,N/A,Table top; Secondary,30,20.0,12,53.6
198,Schefflera actinophylla Amate,Araliaceae,Umbella plant,Schefflera,Cultivar,Tropical,6 or more hours of direct sunlight per day.,Direct sunlight.,Keep moist between watering. Water when soil is half dry.,Spider mite; Aphid; Mealy bug,N/A,Potted plant; Secondary,28,82.4,12,53.6
199,Schefflera actinophylla Renegade,Araliaceae,Umbella plant,Schefflera,Cultivar,Tropical,6 or more hours of direct sunlight per day.,Direct sunlight.,Keep moist between watering. Water when soil is half dry.,Spider mite; Aphid; Mealy bug,N/A,Potted plant; Secondary,28,82.4,12,53.6
200,Sansevieria trifasciata var,Liliaceae,Snake plant,Sansevieria,Cultivar,Tropical,Bright light,Diffused,Water when soil is half dry. Can be dry between watering.,N/A,N/A,Potted plant; Secondary,35,95.0,10,50.0
201,Spathiphyllum Supreme,Liliaceae,Peace lily,Spathiphyllum,Cultivar,Tropical,Bright light,Diffused,Keep moist between watering. Must not be dry between watering,Mealy bug; Thrips,Phytophtora,Potted plant; Secondary,28,82.4,15,59.0
202,Schefflera arboricola,Araliaceae,Hawaiian elf; Parasol plant,Schefflera,Taiwan,Tropical,6 or more hours of direct sunlight per day.,Direct sunlight.,Keep moist between watering. Water when soil is half dry.,Spider mite; Aphid; Mealy bug,N/A,Potted plant; Secondary,30,20.0,12,53.6
203,Spathiphyllum,Araceae,Peace lily; Emerald Swirl,Spathiphyllum,Cultivar,Tropical,Bright light,Diffused,Keep moist between watering. Must not be dry between watering,Mealy bug; Thrips,Phytophtora,Table top; Tertiary,28,82.4,15,59.0
204,Spathiphyllum Starlight,Araceae,Peace lily,Spathiphyllum,Cultivar,Tropical,Bright light,Diffused,Keep moist between watering. Must not be dry between watering,Mealy bug; Thrips,Phytophtora,Table top; Tertiary,28,82.4,15,59.0
205,Schefflera arboricola,Araliaceae,Hawaiian elf; Parasol plant; Gold Cappela,Schefflera,Cultivar,Tropical,6 or more hours of direct sunlight per day.,Direct sunlight.,Keep moist between watering. Water when soil is half dry.,Spider mite; Aphid; Mealy bug,N/A,Potted plant; Secondary,30,20.0,12,53.6
206,Strelitzia nicolai,Strelitziaceae,White bird of paradise,Foliage plant,South Africa,Subtropical,6 or more hours of direct sunlight per day.,Direct sunlight.,Keep moist between watering. Water when soil is half dry.,Spider mite; Mealy bug,N/A,Table top; Tertiary,30,20.0,12,53.6
207,Zamioculcas zamifolia,Araceae,Zz plant,Foliage plant,South Africa,Tropical,Bright light,Diffused,Keep moist between watering. Water when soil is half dry.,N/A,N/A,Table top; Secondary,30,20.0,12,53.6
208,Yucca elephantipes,Liliaceae,Spineless yucca; Palm lily,Dracaena,Mexico,Subtropical,6 or more hours of direct sunlight per day.,Direct sunlight.,Keep moist between watering. Water when soil is half dry.,N/A,Downy mildiou,Potted plant; Secondary,30,20.0,12,53.6
