id,latin,family,common,category,origin,climate,ideallight,toleratedlight,watering,insects,diseases,use,tempmax.celsius,tempmax.fahrenheit,tempmin.celsius,tempmin.fahrenheit,latin_norm,toxicity_animals,toxicity_humans
0,Aeschynanthus lobianus,Gesneriaceae,Lipstick,Hanging,Java,Tropical,Bright light,Direct sunlight,Keep moist between watering. Can be a bit dry between watering,Mealy bug; Aphid; Thrips,,Hanging; Flower; Tertiary,32,89.6,14,57.2,Aeschynanthus lobianus,nietoksyczna,nietoksyczna
1,Adiantum raddianum,Polypodiaceae,Maindenhair; Delta maidenhair,Fern,Brazil,Tropical,Bright light,Diffused,Keep moist between watering. Must not be dry between watering,Mealy bug; Aphid; Snail,Gray mold,Potted plant; Ground cover; Table top,30,86.0,12,53.6,Adiantum raddianum,nietoksyczna,nietoksyczna
2,Aechmea fatsiata,Bromeliaceae,Silver vase,Bromeliad,Brazil,Tropical humid,Bright light,Diffused,Water when soil is half dry. Change water in the vase regularly.,,,Flower; Table top; Tertiary,30,20.0,12,53.6,Aechmea fatsiata,nietoksyczna,może powodować lekkie podrażnienia
3,Agave angustilolia Marginata,Amaryllidaceae,Variegated Carabbean Agave; Century plant,Cactus And Succulent, India,Tropical,6 or more hours of direct sunlight per day.,Direct sunlight.,Water only when the soil is dry. Must be dry between watering,Scale; Mealy bug,,Potted plant; Primary; Secondary,35,95.0,5,41.0,Agave angustilolia Marginata,"toksyczna (podrażnienia, wymioty)","toksyczna (sok drażni skórę, oczy)"
4,Aechmea ramosa,Bromeliaceae,Coral berry,Bromeliad,Brazil,Subtropical,Bright light,Diffused,Water when soil is half dry. Change water in the vase regularly.,,,Flower; Table top; Primary,30,20.0,12,53.6,Aechmea ramosa,nietoksyczna,może powodować lekkie podrażnienia
5,Aechmea fasciata,Bromeliaceae,Silver vase,Bromeliad,Hybrid,Tropical humid,Bright light,Diffused,Water when soil is half dry. Change water in the vase regularly.,,,Flower; Table top; Tertiary,30,20.0,12,53.6,Aechmea fasciata,nietoksyczna,może powodować lekkie podrażnienia
6,Agave filifera,Amaryllidaceae,Thread Agave; Century plant,Cactus And Succulent,Mexico,Arid Tropical,6 or more hours of direct sunlight per day.,Direct sunlight.,Water only when the soil is dry. Must be dry between watering,Scale; Mealy bug,,Potted plant; Primary; Secondary,35,95.0,5,41.0,Agave filifera,"toksyczna (wymioty, biegunka)","toksyczna (podrażnienia skóry, układu pokarmowego)"
7,Adiantum hispidulum,Polypodiaceae,Rosy Maidenhair; Autralian maidenhair,Fern,Australia & New Guinea,Tropical,Bright light,Diffused,Keep moist between watering. Must not be dry between watering,Mealy bug; Aphid; Snail,Gray mold,Table top; Ground cover; Tertiary,30,20.0,12,53.6,Adiantum hispidulum,nietoksyczna,nietoksyczna
8,Agave attenuata,Amaryllidaceae,Dragon tree Agave; Century plant,Cactus And Succulent,Mexico,Arid Tropical,6 or more hours of direct sunlight per day.,Direct sunlight.,Water only when the soil is dry. Must be dry between watering,Scale; Mealy bug,,Potted plant; Primary; Secondary,35,95.0,5,41.0,Agave attenuata,toksyczna (problemy żołądkowe),"toksyczna (sok drażniący, oparzenia)"
9,Aglaonema,Araceae,Chinese Evergreen; Amelia,Aglaonema,Hybrid,Tropical,Bright light,Diffused,Keep moist between watering. Water when soil is half dry.,Mealy bug; Scale,Phytophtora; Crown rot,Potted plant; Secondary; Tertiary,28,82.4,18,64.4,Aglaonema,"toksyczna (szczypanie pyska, ślinotok, wymioty)","toksyczna (zawiera szczawiany wapnia, podrażnienia jamy ustnej)"
10,Aglaonema,Araceae,Chinese Evergreen; Painted Princess,Aglaonema,Hybrid,Tropical,Bright light,Diffused,Keep moist between watering. Water when soil is half dry.,Mealy bug; Scale,Phytophtora; Crown rot,Potted plant; Secondary; Tertiary,28,82.4,18,64.4,Aglaonema,"toksyczna (szczypanie pyska, ślinotok, wymioty)","toksyczna (zawiera szczawiany wapnia, podrażnienia jamy ustnej)"
11,Aglaonema,Araceae,Chinese Evergreen; Queen of Siam,Aglaonema,Hybrid,Tropical,Bright light,Diffused,Keep moist between watering. Water when soil is half dry.,Mealy bug; Scale,Phytophtora; Crown rot,Potted plant; Secondary; Tertiary,28,82.4,18,64.4,Aglaonema,"toksyczna (szczypanie pyska, ślinotok, wymioty)","toksyczna (zawiera szczawiany wapnia, podrażnienia jamy ustnej)"
12,Aglaonema,Araceae,Chinese Evergreen; Jewel of India,Aglaonema,Hybrid,Tropical,Bright light,Diffused,Keep moist between watering. Water when soil is half dry.,Mealy bug; Scale,Phytophtora; Crown rot,Table top; Ground cover; Tertiary,28,82.4,18,64.4,Aglaonema,"toksyczna (szczypanie pyska, ślinotok, wymioty)","toksyczna (zawiera szczawiany wapnia, podrażnienia jamy ustnej)"
13,Aglaonema,Araceae,Chinese Evergreen; Patricia,Aglaonema,Hybrid,Tropical,Bright light,Diffused,Keep moist between watering. Water when soil is half dry.,Mealy bug; Scale,Phytophtora; Crown rot,Potted plant; Secondary; Tertiary,28,82.4,18,64.4,Aglaonema,"toksyczna (szczypanie pyska, ślinotok, wymioty)","toksyczna (zawiera szczawiany wapnia, podrażnienia jamy ustnej)"
14,Aglaonema,Araceae,Chinese Evergreen; Green Lady,Aglaonema,Hybrid,Tropical,Bright light,Diffused,Keep moist between watering. Water when soil is half dry.,Mealy bug; Scale,Phytophtora; Crown rot,Potted plant; Secondary; Tertiary,28,82.4,18,64.4,Aglaonema,"toksyczna (szczypanie pyska, ślinotok, wymioty)","toksyczna (zawiera szczawiany wapnia, podrażnienia jamy ustnej)"
15,Aglaonema,Araceae,Chinese Evergreen; Black Lance,Aglaonema,Hybrid,Tropical,Bright light,Diffused,Keep moist between watering. Water when soil is half dry.,Mealy bug; Scale,Phytophtora; Crown rot,Potted plant; Secondary; Tertiary,28,82.4,18,64.4,Aglaonema,"toksyczna (szczypanie pyska, ślinotok, wymioty)","toksyczna (zawiera szczawiany wapnia, podrażnienia jamy ustnej)"
16,Aglaonema,Araceae,Chinese Evergreen; Silver Queen,Aglaonema,Hybrid,Tropical,Bright light,Diffused,Keep moist between watering. Water when soil is half dry.,Mealy bug; Scale,Phytophtora; Crown rot,Potted plant; Secondary; Tertiary,28,82.4,18,64.4,Aglaonema,"toksyczna (szczypanie pyska, ślinotok, wymioty)","toksyczna (zawiera szczawiany wapnia, podrażnienia jamy ustnej)"
17,Aglaonema,Araceae,Chinese Evergreen; Rapsody in Green,Aglaonema,Hybrid,Tropical,Bright light,Diffused,Keep moist between watering. Water when soil is half dry.,Mealy bug; Scale,Phytophtora; Crown rot,Potted plant; Primary; Secondary,28,82.4,18,64.4,Aglaonema,"toksyczna (szczypanie pyska, ślinotok, wymioty)","toksyczna (zawiera szczawiany wapnia, podrażnienia jamy ustnej)"
18,Aglaonema,Araceae,Chinese Evergreen; Manila Pride,Aglaonema,Hybrid,Tropical,Bright light,Diffused,Keep moist between watering. Water when soil is half dry.,Mealy bug; Scale,Phytophtora; Crown rot,Potted plant; Secondary; Tertiary,28,82.4,18,64.4,Aglaonema,"toksyczna (szczypanie pyska, ślinotok, wymioty)","toksyczna (zawiera szczawiany wapnia, podrażnienia jamy ustnej)"
19,Agave verschaffeltii,Amaryllidaceae,Blue Agave; Century plant,Cactus And Succulent,Mexico,Arid Tropical,6 or more hours of direct sunlight per day.,Direct sunlight.,Water only when the soil is dry. Must be dry between watering,Scale; Mealy bug,,Potted plant; Primary; Secondary,35,95.0,12,53.6,Agave verschaffeltii,toksyczna,toksyczna
20,Aglaonema,Araceae,Chinese Evergreen; Emerald Beauty,Aglaonema,Hybrid,Tropical,Bright light,Diffused,Keep moist between watering. Water when soil is half dry.,Mealy bug; Scale,Phytophtora; Crown rot,Table top; Ground cover; Tertiary,28,82.4,18,64.4,Aglaonema,"toksyczna (szczypanie pyska, ślinotok, wymioty)","toksyczna (zawiera szczawiany wapnia, podrażnienia jamy ustnej)"
21,Aglaonema,Araceae,Chinese Evergreen; Jubilee,Aglaonema,Hybrid,Tropical,Bright light,Diffused,Keep moist between watering. Water when soil is half dry.,Mealy bug; Scale,Phytophtora; Crown rot,Potted plant; Secondary; Tertiary,28,82.4,18,64.4,Aglaonema,"toksyczna (szczypanie pyska, ślinotok, wymioty)","toksyczna (zawiera szczawiany wapnia, podrażnienia jamy ustnej)"
22,Agave striata,Amaryllidaceae,Lilliput Agave; Century plant; Nana,Cactus And Succulent,Mexico,Arid Tropical,6 or more hours of direct sunlight per day.,Direct sunlight.,Water only when the soil is dry. Must be dry between watering,Scale; Mealy bug,,Potted plant; Primary; Secondary,35,95.0,12,53.6,Agave striata,toksyczna,toksyczna
23,Aglaonema,Araceae,Chinese Evergreen; Abidjan,Aglaonema,Hybrid,Tropical,Bright light,Diffused,Keep moist between watering. Water when soil is half dry.,Mealy bug; Scale,Phytophtora; Crown rot,Potted plant; Secondary; Tertiary,28,82.4,18,64.4,Aglaonema,"toksyczna (szczypanie pyska, ślinotok, wymioty)","toksyczna (zawiera szczawiany wapnia, podrażnienia jamy ustnej)"
24,Aglaonema,Araceae,Chinese Evergreen; Maria Chirstina,Aglaonema,Hybrid,Tropical,Bright light,Diffused,Keep moist between watering. Water when soil is half dry.,Mealy bug; Scale,Phytophtora; Crown rot,Potted plant; Ground cover; Tertiary,28,82.4,18,64.4,Aglaonema,"toksyczna (szczypanie pyska, ślinotok, wymioty)","toksyczna (zawiera szczawiany wapnia, podrażnienia jamy ustnej)"
25,Alocasia nebula Imperialis,Araceae,Elephant ear,Other,Cultivar,Tropical humid,Bright light,Direct sunlight.,Keep moist between watering. Water when soil is half dry.,Spider mite; Mealy bug,Phytophtora; Crown rot,Colors / Forms; Table top; Tertiary,28,82.4,15,59.0,Alocasia nebula Imperialis,"toksyczna (ciężkie objawy, szczawiany wapnia)","toksyczna (oparzenia jamy ustnej, gardła)"
26,Aglaonema,Araceae,Chinese Evergreen; Emerald Isle,Aglaonema,Hybrid,Tropical,Bright light,Diffused,Keep moist between watering. Water when soil is half dry.,Mealy bug; Scale,Phytophtora; Crown rot,Potted plant; Secondary; Tertiary,28,82.4,18,64.4,Aglaonema,"toksyczna (szczypanie pyska, ślinotok, wymioty)","toksyczna (zawiera szczawiany wapnia, podrażnienia jamy ustnej)"
27,Aglaonema,Araceae,Chinese Evergreen; Mary Ann,Aglaonema,Hybrid,Tropical,Bright light,Diffused,Keep moist between watering. Water when soil is half dry.,Mealy bug; Scale,Phytophtora; Crown rot,Potted plant; Secondary; Tertiary,28,82.4,18,64.4,Aglaonema,"toksyczna (szczypanie pyska, ślinotok, wymioty)","toksyczna (zawiera szczawiany wapnia, podrażnienia jamy ustnej)"
28,Allamanda nerifolia,Apocynaceae,Golden Trumpet,Flower,Brazil,Tropical,6 or more hours of direct sunlight per day.,Direct sunlight.,Keep moist between watering. Water when soil is half dry.,Mealy bug; Scale; Spider mite,,Flower,30,20.0,10,50.0,Allamanda nerifolia,"toksyczna (biegunka, wymioty)","toksyczna (drażniąca, przeczyszczająca)"
29,Aglaonema,Araceae,Chinese Evergreen; BJ Freeman,Aglaonema,Hybrid,Tropical,Bright light,Diffused,Keep moist between watering. Water when soil is half dry.,Mealy bug; Scale,Phytophtora; Crown rot,Potted plant; Primary; Secondary,28,82.4,18,64.4,Aglaonema,"toksyczna (szczypanie pyska, ślinotok, wymioty)","toksyczna (zawiera szczawiany wapnia, podrażnienia jamy ustnej)"
30,Aglaonema,Araceae,Chinese Evergreen; Marguerita,Aglaonema,Hybrid,Tropical,Bright light,Diffused,Keep moist between watering. Water when soil is half dry.,Mealy bug; Scale,Phytophtora; Crown rot,Potted plant; Primary; Secondary,28,82.4,18,64.4,Aglaonema,"toksyczna (szczypanie pyska, ślinotok, wymioty)","toksyczna (zawiera szczawiany wapnia, podrażnienia jamy ustnej)"
31,Aglaonema,Araceae,Chinese Evergreen; Emerald Star,Aglaonema,Hybrid,Tropical,Bright light,Diffused,Keep moist between watering. Water when soil is half dry.,Mealy bug; Scale,Phytophtora; Crown rot,Potted plant; Secondary; Secondary,28,82.4,18,64.4,Aglaonema,"toksyczna (szczypanie pyska, ślinotok, wymioty)","toksyczna (zawiera szczawiany wapnia, podrażnienia jamy ustnej)"
32,Aglaonema,Araceae,Chinese Evergreen; Silver Bay,Aglaonema,Hybrid,Tropical,Bright light,Diffused,Keep moist between watering. Water when soil is half dry.,Mealy bug; Scale,Phytophtora; Crown rot,Potted plant; Secondary; Tertiary,28,82.4,18,64.4,Aglaonema,"toksyczna (szczypanie pyska, ślinotok, wymioty)","toksyczna (zawiera szczawiany wapnia, podrażnienia jamy ustnej)"
33,Aspidistra elatior,Liliaceae,Cast iron plant,Foliage plant,China,Subtropical,Bright light,Diffused,Water when soil is half dry. Can be dry between watering.,Spider mite; Mealy bug; Scale,,Ground cover; Potted plant,28,82.4,8,46.4,Aspidistra elatior,nietoksyczna,nietoksyczna
34,Anthurium superbum,Araceae,Bronze Anthurium,Anthurium,Ecuador,Tropical,Bright light,Diffused,Water when soil is half dry. Can be dry between watering.,Spider mite; Mealy bug,,Table top; Colors / Forms; Secondary,28,82.4,18,64.4,Anthurium superbum,"toksyczna (podrażnienia jamy ustnej, wymioty)","toksyczna (szczawiany wapnia – pieczenie ust, gardła)"
35,Caryota mitis,Palmae,Fish tail palm,Palm, India,Tropical,Bright light,Diffused,Keep moist between watering. Must not be dry between watering,Spider mite; Mealy bug,,Potted plant; Primary,25,77.0,10,50.0,Caryota mitis,"toksyczna (podrażnienia, wymioty)","toksyczna (szczawiany, podrażnienia ust)"
36,Codiaeum petra,Euphorbiaceae,Croton,Foliage plant,Cultivar,Tropical,6 or more hours of direct sunlight per day.,Direct sunlight.,Keep moist between watering. Water when soil is half dry.,Spider mite; Mealy bug,,Potted plant; Secondary,28,82.4,10,50.0,Codiaeum petra,"toksyczna (kontakt ze skórą – wysypka, wymioty)","toksyczna (sok drażniący, biegunka, wymioty)"
37,Cereus peruvianus,Cactaceae,Tree Cereus,Cactus And Succulent,Brazil,Arid Tropical,6 or more hours of direct sunlight per day.,Direct sunlight.,Water only when dry or when soil is half dry.,Scale; Mealy bug,,Potted plant; Primary,35,95.0,5,41.0,Cereus peruvianus,nietoksyczna,nietoksyczna (ostre kolce mechanicznie niebezpieczne)
38,Blechnum gibbum,Polypodiaceae,Miniature tree fern; Dwarf tree fern,Fern,New Calidonia,Tropical humid,Bright light,Diffused,Keep moist between watering. Must not be dry between watering,Mealy bug; Scale,,Potted plant; Secondary,30,20.0,10,50.0,Blechnum gibbum,nietoksyczna,nietoksyczna
39,Chamaedorea elegans,Arecaceae,Bella palm; Neanthebella palm; Dwarf palm; Parlor palm,Palm,Mexico,Tropical,Bright light,Diffused,Keep moist between watering. Water when soil is half dry.,Spider mite; Mealy bug; Scale,,Potted plant; Tertiary,28,82.4,5,41.0,Chamaedorea elegans,nietoksyczna,nietoksyczna
40,Calathea veitchiana,Marantaceae,Medallion Calathea,Foliage plant,Hybrid,Tropical,Bright light,Diffused,Keep moist between watering. Water when soil is half dry.,Spider mite; Mealy bug; Scale,,Table top; Ground cover,25,77.0,10,50.0,Calathea veitchiana,nietoksyczna,nietoksyczna
41,Calathea pictura Argentea,Marantaceae,Silver Calathea,Foliage plant,Cultivar,Tropical,Bright light,Diffused,Keep moist between watering. Water when soil is half dry.,Spider mite; Mealy bug; Scale,,Table top; Ground cover; Tertiary,25,77.0,10,50.0,Calathea pictura Argentea,nietoksyczna,nietoksyczna
42,Bougainvillea,Nyctaginaceae,Bougainvillia; Paper flower,Flower,Cultivar,Tropical,6 or more hours of direct sunlight per day.,Direct sunlight.,Keep moist between watering. Water when soil is half dry.,Aphid; Mealy bug,,Potted plant; Colors / Forms; Primary,32,89.6,10,50.0,Bougainvillea,nietoksyczna (kolce mogą ranić),nietoksyczna (kolce mogą ranić)
43, Chamaedorea seifrizii,Arecaceae,Bamboo palm; Reed Palm,Palm,Mexico,Tropical,Bright light,Diffused,Keep moist between watering. Water when soil is half dry.,Spider mite; Mealy bug,,Potted plant; Secondary,30,20.0,10,50.0,Chamaedorea seifrizii,nietoksyczna,nietoksyczna
44, Alocasia X amazonica,Araceae,Elephant ear,Other,Hybrid,Tropical humid,Bright light,Diffused,Keep moist between watering. Water when soil is half dry.,Spider mite; Mealy bug,Phytophtora; Crown rot,Colors / Forms; Table top; Tertiary,28,82.4,15,59.0,Alocasia X amazonica,toksyczna (szczawiany wapnia),"toksyczna (pieczenie ust, gardła)"
45,Anthurium X,Araceae,Tailflower; Wax flower,Anthurium,Cultivar,Tropical,Bright light,Diffused,Water when soil is half dry. Can be dry between watering.,Spider mite; Mealy bug; Aphid,Erwinia; Crown rot,Flower; Table top; Tertiary,22,71.6,18,64.4,Anthurium X,toksyczna,toksyczna
46,Anthurium hookeri,Araceae,Bird nest Anthurium; Cabbage Anthurium,Anthurium,Guyana,Tropical humid,Bright light,Diffused,Water when soil is half dry. Can be dry between watering.,Mealy bug; Snail; Aphid,Erwinia; Crown rot,Potted plant; Secondary,28,82.4,18,64.4,Anthurium hookeri,toksyczna,toksyczna
47,Cissus rhombifolia,Vitaceae,Grape Ivy; Ellen Danica,Hanging,Cultivar,Subtropical,Bright light,Diffused,Keep moist between watering. Can dry between watering,Mealy bug,Downy mildiou; Powdery,Hanging; Ground cover,28,82.4,10,50.0,Cissus rhombifolia,lekko toksyczna (wymioty u kotów),nietoksyczna lub lekkie podrażnienia
48,Cereus peruvianus Monstrosus,Cactaceae,Monster cactus,Cactus And Succulent,Brazil,Arid Tropical,6 or more hours of direct sunlight per day.,Direct sunlight.,Water only when dry or when soil is half dry.,Scale; Mealy bug,,Potted plant; Primary,35,95.0,5,41.0,Cereus peruvianus Monstrosus,nietoksyczna,nietoksyczna (kolce mogą powodować urazy mechaniczne)
49,Chamaedorea erumpens,Arecaceae,Bamboo palm,Palm,Honduras,Tropical,Bright light,Diffused,Keep moist between watering. Water when soil is half dry.,Spider mite; Mealy bug,,Potted plant; Secondary,28,82.4,10,50.0,Chamaedorea erumpens,nietoksyczna,nietoksyczna
50,Calathea stromata,Marantaceae,Stromante,Foliage plant,Brazil,Tropical,Bright light,Diffused,Keep moist between watering. Water when soil is half dry.,Spider mite; Mealy bug; Scale,,Table top; Ground cover,25,77.0,10,50.0,Calathea stromata,nietoksyczna,nietoksyczna
51,Codiaeum,Euphorbiaceae,Croton,Foliage plant,Cultivar,Tropical,6 or more hours of direct sunlight per day.,Direct sunlight.,Keep moist between watering. Water when soil is half dry.,Spider mite; Mealy bug,,Secondary; Tertiary,28,82.4,10,50.0,Codiaeum,"toksyczna (wymioty, biegunka, podrażnienia skóry)","toksyczna (sok drażniący, może powodować wysypkę)"
52,Calathea rufibarba,Marantaceae,Velvet Calathea,Foliage plant,Brazil,Tropical,Bright light,Diffused,Keep moist between watering. Water when soil is half dry.,Spider mite; Mealy bug; Scale,,Table top; Ground cover,25,77.0,10,50.0,Calathea rufibarba,nietoksyczna,nietoksyczna
53,Alocasias X Amazonica var,Araceae,Elephant ear,Other,Hybrid,Tropical humid,Bright light,Diffused,Keep moist between watering. Water when soil is half dry.,Spider mite; Mealy bug,Phytophtora; Crown rot,Colors / Forms; Table top; Tertiary,28,82.4,15,59.0,Alocasias X Amazonica var,"toksyczna (szczawiany wapnia – obrzęk pyska, ślinotok)","toksyczna (pieczenie jamy ustnej, gardła)"
54,Crassula argentea,Crasssulaceae,Jade Plant,Cactus And Succulent,South Africa,Subtropical arid,6 or more hours of direct sunlight per day.,Direct sunlight.,Water only when the soil is dry. Must be dry between watering,Mealy bug,,Potted plant; Primary,35,95.0,12,55.0,Crassula argentea,"toksyczna (apatia, wymioty u kotów i psów)",może powodować lekkie zatrucia przy spożyciu
55,Alocasias X Amazonica,Araceae,Elephant ear,Other,Hybrid,Tropical humid,Bright light,Diffused,Keep moist between watering. Water when soil is half dry.,Spider mite; Mealy bug,Phytophtora; Crown rot,Colors / Forms; Potted plant; Primary,28,82.4,15,59.0,Alocasias X Amazonica,toksyczna,toksyczna
56,Cissus rhombifolia,Vitaceae,Grape Ivy,Hanging,Central America & South America,Tropical,Bright light,Diffused,Keep moist between watering. Can dry between watering,Mealy bug,Downy mildiou; Powdery,Hanging; Ground cover,28,82.4,10,50.0,Cissus rhombifolia,lekko toksyczna (wymioty u kotów),nietoksyczna lub lekkie podrażnienia
57,Anthurium schlechtendalii,Araceae,Bird nest Anthurium; Cabbage Anthurium,Anthurium,Costa rica,Tropical,Bright light,Diffused,Water when soil is half dry. Can be dry between watering.,Spider mite; Mealy bug; Aphid,,Potted plant; Colors / Forms; Primary,28,82.4,18,64.4,Anthurium schlechtendalii,"toksyczna (szczawiany wapnia – wymioty, ślinotok)","toksyczna (pieczenie ust, gardła, obrzęk)"
58,Chamaedorea metallica,Arecaceae,Miniature fishtail; Steel palm,Palm,Mexico,Tropical,Bright light,Diffused,Keep moist between watering. Water when soil is half dry.,Mealy bug,,Potted plant; Secondary,30,20.0,10,50.0,Chamaedorea metallica,nietoksyczna,nietoksyczna
59,Aspidistra elatior Minor,Liliaceae,Cast iron plant; Aspidistra Milky Way,Foliage plant,Japan,Subtropical,Bright light,Diffused,Water when soil is half dry. Can be dry between watering.,Spider mite; Mealy bug; Scale,,Ground cover; Potted plant,28,82.4,8,46.4,Aspidistra elatior Minor,nietoksyczna,nietoksyczna
60,Calathea ornata Rosea lineata,Marantaceae,Stiped calathea,Foliage plant,Cultivar,Tropical,Bright light,Diffused,Keep moist between watering. Water when soil is half dry.,Spider mite; Mealy bug; Scale,,Table top; Ground cover; Tertiary,25,77.0,10,50.0,Calathea ornata Rosea lineata,nietoksyczna,nietoksyczna
61,Asplenium nidus,Aspleniaceae,Birdnest fern,Fern,Asia,Tropical humid,Bright light,Diffused,Keep moist between watering. Must not be dry between watering,Mealy bug,,Potted plant; Primary,28,82.4,15,59.0,Asplenium nidus,nietoksyczna,nietoksyczna
62,Anthurium hookeri,Araceae,Bird nest Anthurium; Cabbage Anthurium,Anthurium,Guyana,Tropical humid,Bright light,Diffused,Water when soil is half dry. Can be dry between watering.,Mealy bug; Snail; Aphid,Erwinia; Crown rot,Potted plant; Primary,28,82.4,18,64.4,Anthurium hookeri,toksyczna,toksyczna
63,Chlorophytum comosum,Liliaceae,Spider plant,Hanging,Central Africa,Tropical to subtropical,Bright light,Diffused,Keep moist between watering. Water when soil is half dry.,,,Hanging; Ground cover,28,82.4,5,41.0,Chlorophytum comosum,nietoksyczna (u kotów może wywołać łagodne wymioty przy zjedzeniu dużej ilości),nietoksyczna
64,Didymochlaena truncatula,Dryopteridaceae,Tree Maindenhair fern,Fern,South America,Tropical humid,6 or more hours of direct sunlight per day.,Diffused,Keep moist between watering. Must not be dry between watering,Mealy bug; Scale,,Potted plant; Tertiary,30,20.0,5,41.0,Didymochlaena truncatula,nietoksyczna,nietoksyczna
65,Dieffenbachia,Araceae,Dumcane; Tropic Mary Ann,Dieffenbachia,Hybrid,Tropical,Bright light,Diffused,Keep moist between watering. Can dry between watering,Spider mite; Mealy bug,Fusarium; Erwinia,Table top; Potted plant,28,82.4,12,53.6,Dieffenbachia,"bardzo toksyczna (ślinotok, obrzęk języka, trudności w połykaniu)","bardzo toksyczna (oparzenia jamy ustnej, gardła, możliwa utrata głosu)"
66,Dieffenbachia,Araceae,Dumcane; Star Bright,Dieffenbachia,Hybrid,Tropical,Bright light,Diffused,Keep moist between watering. Can dry between watering,Spider mite; Mealy bug,Fusarium; Erwinia,Potted plant; Secondary,28,82.4,12,53.6,Dieffenbachia,"bardzo toksyczna (ślinotok, obrzęk języka, trudności w połykaniu)","bardzo toksyczna (oparzenia jamy ustnej, gardła, możliwa utrata głosu)"
67,Dracaena marginata,Liliaceae,Madagascar dragon tree; Tricolor,Dracaena,Cultivar,Tropical,Bright light,Diffused,Keep moist between watering. Can dry between watering,Mealy bug; Scale; Spider mite,,Potted plant; Secondary,28,82.4,10,50.0,Dracaena marginata,"toksyczna (wymioty, ślinotok, osłabienie)",nietoksyczna (u ludzi objawy bardzo rzadkie)
68,Dracaena fragrans Massangeana,Liliaceae,Cornstalk plant,Dracaena,Cultivar,Tropical,Bright light,Diffused,Keep moist between watering. Can dry between watering,Mealy bug; Scale,,Potted plant; Primary,30,20.0,10,50.0,Dracaena fragrans Massangeana,"toksyczna (wymioty, utrata apetytu u psów i kotów)",nietoksyczna lub bardzo łagodna toksyczność
69,Dracaena deremensis,Liliaceae,Janet Craig,Dracaena,Cultivar,Tropical,Bright light,Diffused,Keep moist between watering. Can dry between watering,Mealy bug; Scale,,Potted plant; Secondary,30,20.0,10,50.0,Dracaena deremensis,toksyczna,nietoksyczna
70,Cryptanthus Rose Eliane,Bromeliaceae,,Bromeliad,Cultivar,Tropical,Bright light,Direct sunlight,Can be dry between watering. Water when soil is half dry.,,,Table top; Primary,28,82.4,10,50.0,Cryptanthus Rose Eliane,nietoksyczna,nietoksyczna
71,Dracaena reflexa,Liliaceae,Yellow Malaysian Dracaena; Song of India,Dracaena, India,Tropical,6 or more hours of direct sunlight per day.,Direct sunlight.,Keep moist between watering. Water when soil is half dry.,Mealy bug,,Potted plant; Primary,30,20.0,12,53.6,Dracaena reflexa,"toksyczna (wymioty, rozszerzone źrenice u kotów)",nietoksyczna
72,Dieffenbachia maculata,Araceae,Dumcane; Carina,Dieffenbachia,Hybrid,Tropical,Bright light,Diffused,Keep moist between watering. Can dry between watering,Spider mite; Mealy bug,Fusarium; Erwinia,Table top; Potted plant,28,82.4,12,53.6,Dieffenbachia maculata,bardzo toksyczna,bardzo toksyczna
73,Dracaena reflexa,Liliaceae,Malaysian Dracaena; Song of Jamaica,Dracaena,Cultivar,Tropical,Bright light,Diffused,Keep moist between watering. Water when soil is half dry.,Mealy bug,,Potted plant; Secondary,30,20.0,12,53.6,Dracaena reflexa,"toksyczna (wymioty, rozszerzone źrenice u kotów)",nietoksyczna
74,Cycas revoluta,Cycadaceae,Sago palm; King sago,Palm,Japan,Subtropical,"Prefers bright, indirect sunlight.",/,Water when soil is half dry. Can be dry between watering.,Scale; Mealy bug,,Potted plant; Primary,30,20.0,8,46.4,Cycas revoluta,"silnie toksyczna (śmiertelna dla psów i kotów, uszkodzenie wątroby)","toksyczna (nudności, wymioty, uszkodzenia wątroby)"
75,Crassula argentea,Crasssulaceae,Jade Plant,Cactus And Succulent,South Africa,Subtropical arid,6 or more hours of direct sunlight per day.,Direct sunlight.,Water only when the soil is dry. Must be dry between watering,Mealy bug,,Potted plant; Primary,35,95.0,12,55.0,Crassula argentea,"toksyczna (apatia, wymioty u kotów i psów)",może powodować lekkie zatrucia przy spożyciu
76,Ctenanthe lubbersiana,Marantaceae,Phrynium,Foliage plant,Brazil,Tropical,Bright light,Diffused,Keep moist between watering. Must not be dry between watering,Spider mite; Mealy bug,,Potted plant; Secondary,25,77.0,12,53.6,Ctenanthe lubbersiana,nietoksyczna,nietoksyczna
77,Dracaena reflexa,Liliaceae,Malaysian Dracaena,Dracaena,Madagascar,Tropical,Bright light,Diffused,Keep moist between watering. Water when soil is half dry.,Mealy bug,,Table top; Tertiary,30,20.0,12,53.6,Dracaena reflexa,"toksyczna (wymioty, rozszerzone źrenice u kotów)",nietoksyczna
78,Dracaena deremensis,Liliaceae,Striped Dracaena; Gold Star,Dracaena,Cultivar,Tropical,Bright light,Diffused,Keep moist between watering. Can dry between watering,Mealy bug; Scale,,Potted plant; Secondary,30,20.0,10,50.0,Dracaena deremensis,toksyczna,nietoksyczna
79,Cyrtomium falcatum,Dryopteridaceae,Holly-fern,Fern,Asia,Subtropical,Bright light,Diffused,Keep moist between watering. Water when soil is half dry.,Scale; Mealy bug,,Potted plant; Ground cover,30,20.0,5,41.0,Cyrtomium falcatum,nietoksyczna,nietoksyczna
80,Dracaena deremensis,Liliaceae,Dwarf bouquet; Calypso Queen; Janet Craig Compacta,Dracaena,Africa,Tropical,Bright light,Diffused,Keep moist between watering. Can dry between watering,Mealy bug; Scale,,Potted plant; Secondary,30,20.0,10,50.0,Dracaena deremensis,toksyczna,nietoksyczna
81,Davallia trichomannoides,Davalliaceae,Rabbits foot; Squirrels foot,Fern,Canaries,Tropical,Bright light,Diffused,Water when soil is half dry. Can be dry between watering.,Mealy bug; Scale,,Hanging; Potted plant,25,77.0,10,50.0,Davallia trichomannoides,nietoksyczna,nietoksyczna
82,Dracaena deremensis,Liliaceae,Lisa Dracaena; Lisa,Dracaena,Cultivar,Tropical,Bright light,Diffused,Keep moist between watering. Can dry between watering,Mealy bug; Scale,,Potted plant; Primary,30,20.0,10,50.0,Dracaena deremensis,toksyczna,nietoksyczna
83,Dracaena marginata,Liliaceae,Madagascar dragon tree,Dracaena,Madagascar,Tropical,Bright light,Diffused,Keep moist between watering. Can dry between watering,Mealy bug; Scale; Spider mite,,Potted plant; Secondary,30,20.0,10,50.0,Dracaena marginata,"toksyczna (wymioty, ślinotok, osłabienie)",nietoksyczna (u ludzi objawy bardzo rzadkie)
84,Dracaena deremensis,Liliaceae,Striped Dracaena; Warneckei,Dracaena,Africa,Tropical,Bright light,Diffused,Keep moist between watering. Can dry between watering,Mealy bug; Scale,,Potted plant; Secondary,30,20.0,10,50.0,Dracaena deremensis,toksyczna,nietoksyczna
85,Dracaena deremensis,Liliaceae,Striped Dracaena; Lemon Lime,Dracaena,Cultivar,Tropical,Bright light,Diffused,Keep moist between watering. Can dry between watering,Mealy bug; Scale,,Table top; Tertiary,30,20.0,10,50.0,Dracaena deremensis,toksyczna,nietoksyczna
86,Dieffenbachia maculata,Araceae,Dumcane; Camille,Dieffenbachia,Hybrid,Tropical,Bright light,Diffused,Keep moist between watering. Can dry between watering,Spider mite; Mealy bug,Fusarium; Erwinia,Table top; Potted plant,28,82.4,12,53.6,Dieffenbachia maculata,bardzo toksyczna,bardzo toksyczna
87,Dieffenbachia amoena,Araceae,Dumcane; Tropic Snow,Dieffenbachia,Cultivar,Tropical,Bright light,Diffused,Keep moist between watering. Can dry between watering,Spider mite; Mealy bug,Fusarium; Erwinia,Potted plant; Secondary,28,82.4,12,53.6,Dieffenbachia amoena,bardzo toksyczna,bardzo toksyczna
88,Ficus elastica,Moraceae,Rubber plant; Tineke,Ficus,Cultivar,Tropical,6 or more hours of direct sunlight per day.,Direct sunlight.,Keep moist between watering. Can dry between watering,Mealy bug; Scale,,Table top; Tertiary,30,20.0,10,50.0,Ficus elastica,"toksyczna (podrażnienia żołądkowe, wymioty)","może powodować podrażnienia skóry, żołądka"
89,Dypsis lutescens,Arecaceae,Areca palm; Butterfly palm,Palm,Madagascar,Tropical,6 or more hours of direct sunlight per day.,Direct sunlight.,Keep moist between watering. Must not be dry between watering,Spider mite; Mealy bug; Scale,,Potted plant; Secondary,28,82.4,10,50.0,Dypsis lutescens,nietoksyczna,nietoksyczna
90,Epiphyllum,Cactaceae,Orchid cactus,Cactus And Succulent,Hybrid,Tropical,Bright light,Direct sunlight,Keep moist between watering. Water when soil is half dry.,Mealy bug,,Hanging; Secondary,32,89.6,5,41.0,Epiphyllum,nietoksyczna,nietoksyczna
91,Echinocactus grusonii,Cactaceae,Golden Barrel,Cactus And Succulent,Central Mexico,Arid Tropical,6 or more hours of direct sunlight per day.,/,Water only when dry. Must be dry between watering,Mealy bug; Scale; Spider mite,,Potted plant; Primary,40,104.0,5,41.0,Echinocactus grusonii,nietoksyczna (ale kolce stanowią zagrożenie mechaniczne),nietoksyczna (oparzenia mechaniczne)
92,Euphorbia milii,Euphorbiaceae,Christ thorn; Crown of thorns,Cactus And Succulent,Madagascar,Arid Tropical,6 or more hours of direct sunlight per day.,Direct sunlight.,Water only when the soil is dry. Must be dry between watering,Mealy bug; White fly,Downy mildiou; Gray mold,Table top; Tertiary,35,95.0,12,53.6,Euphorbia milii,"toksyczna (sok mleczny – wymioty, biegunka, podrażnienia)",toksyczna (podrażnienia skóry i oczu)
93,Epipremnum aureum,Araceae,White Pothos; Marble Queen,Hanging,Cultivar,Tropical,Bright light,Diffused,Keep moist between watering. Water when soil is half dry.,Mealy bug,Pythium,Hanging; Tertiary,30,20.0,12,53.6,Epipremnum aureum,"toksyczna (szczawiany wapnia – wymioty, ślinotok)","toksyczna (pieczenie jamy ustnej, podrażnienia gardła)"
94,Guzmania,Bromeliaceae,Guzmania; Guzmania Sunnytime,Bromeliad,Cultivar,Tropical,Bright light,Diffused,Water when soil is half dry. Change water in the vase regularly.,,,Table top; Tertiary,30,20.0,10,50.0,Guzmania,nietoksyczna,nietoksyczna
95,Ficus maclellandii,Moraceae,Willow fig tree; Amstel King,Ficus,Cultivar,Tropical,6 or more hours of direct sunlight per day.,Direct sunlight.,Keep moist between watering. Must not be dry between watering,Spider mite; Mealy bug; Scale,,Potted plant; Primary,30,20.0,10,50.0,Ficus maclellandii,toksyczna,może powodować podrażnienia
96,Guzmania,Bromeliaceae,Guzmania; Guzmania Empire,Bromeliad,Cultivar,Tropical,Bright light,Diffused,Water when soil is half dry. Change water in the vase regularly.,,,Table top; Tertiary,30,20.0,10,50.0,Guzmania,nietoksyczna,nietoksyczna
97,Ficus benjamina,Moraceae,Weeping fig,Ficus,Cultivar,Tropical,6 or more hours of direct sunlight per day.,Direct sunlight.,Keep moist between watering. Must not be dry between watering,Spider mite; Mealy bug; Scale,,Potted plant; Secondary,30,20.0,10,50.0,Ficus benjamina,"toksyczna (wymioty, biegunka, podrażnienia skóry u zwierząt)","toksyczna (podrażnienia skóry, reakcje alergiczne)"
98,Fatsia japonica,Araliaceae,Japanese Aralia,Aralia,Japan,Subtropical,Bright light,Direct sunlight,Keep moist between watering. Water when soil is half dry.,Spider mite; Mealy bug; Scale,,Table top; Potted plant,28,82.4,8,46.4,Fatsia japonica,nietoksyczna,nietoksyczna
99,Euphorbia ammack,Euphorbiaceae,Variegated Euphorbia,Cactus And Succulent,Africa,Arid Tropical,6 or more hours of direct sunlight per day.,Direct sunlight.,Must be dry between watering. Water only when dry.,Mealy bug; White fly,Downy mildiou,Potted plant; Primary,35,95.0,12,53.6,Euphorbia ammack,"toksyczna (sok mleczny drażniący, wymioty)",toksyczna (silne podrażnienia skóry i oczu)
100,Ficus pumila,Moraceae,Creeping fig; Curl,Ficus,Cultivar,Tropical,6 or more hours of direct sunlight per day.,Direct sunlight.,Keep moist between watering. Must not be dry between watering,Spider mite; Mealy bug; Scale,,Hanging; Ground cover,30,20.0,10,50.0,Ficus pumila,toksyczna,może powodować podrażnienia skóry
101,Guzmania,Bromeliaceae,Guzmania; Claret,Bromeliad,Cultivar,Tropical,Bright light,Diffused,Water when soil is half dry. Change water in the vase regularly.,,,Table top; Tertiary,30,20.0,10,50.0,Guzmania,nietoksyczna,nietoksyczna
102,Ficus elastica,Moraceae,Rubber plant; Robusta,Ficus,Cultivar,Tropical,6 or more hours of direct sunlight per day.,Direct sunlight.,Keep moist between watering. Can dry between watering,Mealy bug; Scale,,Potted plant; Secondary,30,20.0,10,50.0,Ficus elastica,"toksyczna (podrażnienia żołądkowe, wymioty)","może powodować podrażnienia skóry, żołądka"
103,Hedera canariensis,Araliaceae,Algerian ivy; Montgomery ivy,Hanging,Canaries,Subtropical,Bright light,Diffused,Keep moist between watering. Water when soil is half dry.,Spider mite; Mealy bug; Scale,,Hanging; Ground cover,30,20.0,5,41.0,Hedera canariensis,"toksyczna (wymioty, biegunka)","toksyczna (podrażnienia skóry, nudności)"
104,Epipremnum aureum,Araceae,Golden Pothos,Hanging,South Pacific,Tropical,Bright light,Diffused,Keep moist between watering. Water when soil is half dry.,Mealy bug,Pythium,Hanging; Tertiary,30,20.0,12,53.6,Epipremnum aureum,"toksyczna (szczawiany wapnia – wymioty, ślinotok)","toksyczna (pieczenie jamy ustnej, podrażnienia gardła)"
105,Ficus lyrata,Moraceae,Fidleleaf fig,Ficus,Ouest Africa,Tropical,6 or more hours of direct sunlight per day.,Direct sunlight.,Keep moist between watering. Water when soil is half dry.,Spider mite; Mealy bug; Scale,,Potted plant; Secondary,30,20.0,10,50.0,Ficus lyrata,"toksyczna (wymioty, ślinotok)","toksyczna (podrażnienia skóry, błon śluzowych)"
106,Euphorbia ingens,Euphorbiaceae,Giant Candelabra tree,Cactus And Succulent,South Africa,Arid Tropical,6 or more hours of direct sunlight per day.,Direct sunlight.,Water only when the soil is dry. Must be dry between watering,Mealy bug,Downy mildiou,Potted plant; Primary,35,95.0,12,53.6,Euphorbia ingens,"toksyczna (silne zatrucia, sok mleczny)","toksyczna (uszkodzenia skóry, oczu)"
107,Ficus benjamina,Moraceae,Weeping fig; Monique,Ficus,Cultivar,Tropical,6 or more hours of direct sunlight per day.,Direct sunlight.,Keep moist between watering. Must not be dry between watering,Spider mite; Mealy bug; Scale,,Potted plant; Secondary,30,20.0,10,50.0,Ficus benjamina,"toksyczna (wymioty, biegunka, podrażnienia skóry u zwierząt)","toksyczna (podrażnienia skóry, reakcje alergiczne)"
108,Guzmania,Bromeliaceae,Guzmania; Mariposa,Bromeliad,Cultivar,Tropical,Bright light,Diffused,Water when soil is half dry. Change water in the vase regularly.,,,Table top; Tertiary,30,20.0,10,50.0,Guzmania,nietoksyczna,nietoksyczna
109,Ficus maclellandii Alii,Moraceae,Willow Ficus,Ficus,Cultivar,Tropical,6 or more hours of direct sunlight per day.,Direct sunlight.,Keep moist between watering. Must not be dry between watering,Spider mite; Mealy bug; Scale,,Potted plant; Primary,30,20.0,10,50.0,Ficus maclellandii Alii,toksyczna,może powodować podrażnienia
110,Guzmania,Bromeliaceae,Guzmania; Marjan,Bromeliad,Cultivar,Tropical,Bright light,Diffused,Water when soil is half dry. Change water in the vase regularly.,,,Table top; Tertiary,30,20.0,10,50.0,Guzmania,nietoksyczna,nietoksyczna
111,Ficus benjamina,Moraceae,Weeping fig; Midnight,Ficus,Cultivar,Tropical,6 or more hours of direct sunlight per day.,Direct sunlight.,Keep moist between watering. Must not be dry between watering,Spider mite; Mealy bug; Scale,,Potted plant; Secondary,30,20.0,10,50.0,Ficus benjamina,"toksyczna (wymioty, biegunka, podrażnienia skóry u zwierząt)","toksyczna (podrażnienia skóry, reakcje alergiczne)"
112,Guzmania,Bromeliaceae,Guzmania; Rana,Bromeliad,Cultivar,Tropical,Bright light,Diffused,Water when soil is half dry. Change water in the vase regularly.,,,Table top; Tertiary,30,20.0,10,50.0,Guzmania,nietoksyczna,nietoksyczna
113,Ficus elastica,Moraceae,Rubber plant; Burgandy,Ficus,Cultivar,Tropical,6 or more hours of direct sunlight per day.,Direct sunlight.,Keep moist between watering. Can dry between watering,Mealy bug; Scale,,Potted plant; Secondary,30,20.0,10,50.0,Ficus elastica,"toksyczna (podrażnienia żołądkowe, wymioty)","może powodować podrażnienia skóry, żołądka"
114,Euphorbia drupifera,Euphorbiaceae,,Cactus And Succulent,Guinea,Arid Tropical,6 or more hours of direct sunlight per day.,Direct sunlight.,Water only when the soil is dry. Must be dry between watering,Mealy bug,Downy mildiou,Potted plant; Primary,35,95.0,12,53.6,Euphorbia drupifera,toksyczna,toksyczna
115,Hedera helix,Araliaceae,English ivy; Gold Baby,Hanging,Cultivar,Subtropical,Bright light,Diffused,Keep moist between watering. Water when soil is half dry.,Spider mite; Mealy bug,,Hanging; Ground cover,30,20.0,5,41.0,Hedera helix,"toksyczna (ślinotok, biegunka, apatia)","toksyczna (nudności, bóle brzucha, kontaktowe podrażnienia)"
116,Maranta leuconeura erythroneura,Marantaceae,Herringbone; Pink praying plant,Hanging,Brazil,Tropical,Bright light,Diffused,Keep moist between watering. Water when soil is half dry.,Mealy bug,,Hanging; Table top,28,82.4,12,53.6,Maranta leuconeura erythroneura,nietoksyczna,nietoksyczna
117,Hedera helix,Araliaceae,English ivy; Hermania,Hanging,Cultivar,Subtropical,Bright light,Diffused,Keep moist between watering. Water when soil is half dry.,Spider mite; Mealy bug,,Hanging; Ground cover,30,20.0,5,41.0,Hedera helix,"toksyczna (ślinotok, biegunka, apatia)","toksyczna (nudności, bóle brzucha, kontaktowe podrażnienia)"
118,Monstera deliciosa,Araceae,Splitleaf Philodendron; Mexican Breadfruit,Philodendron,Central America,Tropical,Bright light,Diffused,Water when soil is half dry. Can be dry between watering.,Mealy bug,,Potted plant; Secondary,32,89.6,12,53.6,Monstera deliciosa,"toksyczna (szczawiany wapnia – obrzęk pyska, ślinotok)","toksyczna (pieczenie ust, gardła)"
119,Mandevilla X,Apocynaceae,,Flower,Hybrid,Tropical,6 or more hours of direct sunlight per day.,Direct sunlight.,Keep moist between watering. Must not be dry between watering,Spider mite; Mealy bug; Aphid,,Flower; Potted plant,30,20.0,10,50.0,Mandevilla X,"toksyczna (biegunka, wymioty)","toksyczna (podrażnienia skóry, zatrucia po spożyciu)"
120,Peperomia obtusifolia,Piperaceae,Baby rubber plant; Pepper face,Other,Venezuela,Tropical,Bright light,/,Keep moist between watering. Water when soil is half dry.,Mealy bug,,Table top; Ground cover; Tertiary,32,89.6,10,50.0,Peperomia obtusifolia,nietoksyczna,nietoksyczna
121,Ophiopogon japonicus,Liliaceae,Snakes beard,Grass,Japan,Subtropical,Bright light,Direct sunlight,Keep moist between watering. Water when soil is half dry.,Spider mite; Scale,,Ground cover; Tertiary,28,82.4,5,41.0,Ophiopogon japonicus,nietoksyczna,nietoksyczna
122,Hedychium coronarium,Zingiberaceae,Butterfly Ginger; White Ginger,Flower,China,Subtropical,6 or more hours of direct sunlight per day.,Direct sunlight.,Keep moist between watering. Must not be dry between watering,,,Flower; Secondary,30,20.0,10,50.0,Hedychium coronarium,nietoksyczna,nietoksyczna
123,Hedera helix variegata,Araliaceae,English ivy; Variegated English ivy,Hanging,Cultivar,Subtropical,Bright light,Diffused,Keep moist between watering. Water when soil is half dry.,Spider mite; Mealy bug,,Hanging; Ground cover,30,20.0,5,41.0,Hedera helix variegata,toksyczna,toksyczna
124,Pellaea falcata,Sinopteridaceae,,Fern,Australia & New Guinea,Tropical,Bright light,Diffused,Keep moist between watering. Must not be dry between watering,Mealy bug,,Table top; Ground cover; Tertiary,25,77.0,12,53.6,Pellaea falcata,nietoksyczna,nietoksyczna
125,Hedera helix,Araliaceae,English ivy; Garland,Hanging,Cultivar,Subtropical,Bright light,Diffused,Keep moist between watering. Water when soil is half dry.,Spider mite; Mealy bug,,Hanging; Ground cover,30,20.0,5,41.0,Hedera helix,"toksyczna (ślinotok, biegunka, apatia)","toksyczna (nudności, bóle brzucha, kontaktowe podrażnienia)"
126,Hoya carnosa Exotica,Asclepiadaceae,Wax plant,Hanging,Cultivar,Tropical,Bright light,Diffused,Water when soil is half dry. Can be dry between watering.,Mealy bug; Thrips,,Hanging; Table top,28,82.4,12,53.6,Hoya carnosa Exotica,nietoksyczna,nietoksyczna
127,Nerium oleander,Apocynaceae,Oleander; Rose bay,Flower,Mediterranean,Subtropical,6 or more hours of direct sunlight per day.,/,Keep moist between watering. Must not be dry between watering,Scale; Aphid; Mealy bug,,Potted plant; Secondary,30,20.0,5,41.0,Nerium oleander,silnie toksyczna (może być śmiertelna – glikozydy nasercowe),"silnie toksyczna (zaburzenia rytmu serca, zatrucia, śmiertelna dawka)"
128,Pachypodium geayi,Apocynaceae,Madagascar Palm,Cactus And Succulent,Madagascar,Arid Tropical,6 or more hours of direct sunlight per day.,Direct sunlight.,Water only when the soil is dry. Must be dry between watering,Mealy bug,,Potted plant; Primary,35,95.0,8,46.4,Pachypodium geayi,"toksyczna (podrażnienia, możliwe zatrucia)","toksyczna (drażniąca, sok mleczny)"
129,Licuala spinosa,Arecaceae,Spiny licuala palm,Palm,Malaysia,Tropical,Bright light,Direct sunlight,Keep moist between watering. Water when soil is half dry.,Mealy bug; Scale,,Potted plant; Secondary,30,20.0,15,59.0,Licuala spinosa,nietoksyczna,nietoksyczna
130,Philodendron,Araceae,Red Philodendron; Imperial Red,Philodendron,Cultivar,Tropical,Bright light,Diffused,Keep moist between watering. Water when soil is half dry.,Mealy bug,Erwinia,Table top; Secondary,28,82.4,18,64.4,Philodendron,toksyczna (szczawiany wapnia),toksyczna
131,Neoregelia Flandria,Bromeliaceae,,Bromeliad,Cultivar,Tropical,Bright light,Diffused,Change water regularly in the vase. Water when soil is half dry.,,,Table top; Colors / Forms,30,20.0,12,53.6,Neoregelia Flandria,nietoksyczna,nietoksyczna
132,Liriope muscari Variegata,Liliaceae,Variegated lily turf,Foliage plant,Japan,Subtropical,Bright light,Direct sunlight,Keep moist between watering. Water when soil is half dry.,Spider mite; Scale,,Ground cover; Table top,30,20.0,8,46.4,Liriope muscari Variegata,nietoksyczna,nietoksyczna
133,Philodendron micans,Araceae,Velvet leaf vine,Philodendron,Dominica,Tropical,Bright light,Diffused,Keep moist between watering. Water when soil is half dry.,Mealy bug,Erwinia,Hanging; Secondary,28,82.4,18,64.4,Philodendron micans,toksyczna,toksyczna
134,Maranta leuconeura kerchoveana,Marantaceae,Green prayer plant; Herringbone,Hanging,Brazil,Tropical,Bright light,Diffused,Keep moist between watering. Water when soil is half dry.,Mealy bug,,Hanging; Table top,28,82.4,12,53.6,Maranta leuconeura kerchoveana,nietoksyczna,nietoksyczna
135,Neoregelia Victoria Pink,Bromeliaceae,,Bromeliad,Cultivar,Tropical,Bright light,Diffused,Change water regularly in the vase. Water when soil is half dry.,,,Table top; Colors / Forms,30,20.0,12,53.6,Neoregelia Victoria Pink,nietoksyczna,nietoksyczna
136,Nolina recurvata,Agavaceae,Elephant foot; Pony tail,Foliage plant,Mexico,Arid Tropical,6 or more hours of direct sunlight per day.,Direct sunlight.,Water when soil is half dry. Can be dry between watering.,Scale; Mealy bug,,Primary; Potted plant,32,89.6,12,53.6,Nolina recurvata,toksyczna (łagodne zatrucia u kotów przy spożyciu),nietoksyczna
137,Philodendron,Araceae,Lime philodendron; Moonlight,Philodendron,Cultivar,Tropical,Bright light,Diffused,Keep moist between watering. Water when soil is half dry.,Mealy bug,Erwinia,Table top; Secondary,28,82.4,18,64.4,Philodendron,toksyczna (szczawiany wapnia),toksyczna
138,Phalaenopsis X,Orchidaceae,,Flower,Hybrid,Tropical humid,Bright light,Diffused,Water when soil is half dry. Can be dry between watering.,Thrips; Aphid,,Table top; Secondary,28,82.4,12,53.6,Phalaenopsis X,nietoksyczna,nietoksyczna
139,Hyophorbe verschaffeltii,Arecaceae,Spindle palm,Palm,Rodrigue Island,Tropical,6 or more hours of direct sunlight per day.,Direct sunlight.,Keep moist between watering. Water when soil is half dry.,Mealy bug; Scale,,Potted plant; Primary,35,95.0,10,50.0,Hyophorbe verschaffeltii,nietoksyczna,nietoksyczna
140,Hedera helix,Araliaceae,English ivy,Topiairy,Cultivar,Subtropical,Bright light,Diffused,Keep moist between watering. Water when soil is half dry.,Spider mite; Mealy bug,,Hanging; Ground cover,30,20.0,5,41.0,Hedera helix,"toksyczna (ślinotok, biegunka, apatia)","toksyczna (nudności, bóle brzucha, kontaktowe podrażnienia)"
141,Nolina guatemalensis,Agavaceae,Elephant foot; Pony tail,Foliage plant,Mexico,Arid Tropical,6 or more hours of direct sunlight per day.,Direct sunlight.,Water when soil is half dry. Can be dry between watering.,Scale; Mealy bug,,Primary; Potted plant,32,89.6,12,53.6,Nolina guatemalensis,toksyczna,nietoksyczna
142,Medinilla magnifica,Melastomataceae,Rose grape,Flower,Philippines,Tropical,6 or more hours of direct sunlight per day.,Direct sunlight.,Keep moist between watering. Must not be dry between watering,Mealy bug,,Potted plant; Flower,30,20.0,15,59.0,Medinilla magnifica,nietoksyczna,nietoksyczna
143,Hibiscus rosa sinensis,Malvaceae,Chinese hibiscus,Flower,Asia,Tropical,6 or more hours of direct sunlight per day.,Direct sunlight.,Keep moist between watering. Must not be dry between watering,Spider mite; Aphid; White fly,,Flower; Secondary,28,82.4,10,50.0,Hibiscus rosa sinensis,nietoksyczna,nietoksyczna
144,Nephrolepis exaltata var,Nephrolepidaceae,Boston fern; Sword fern,Fern,Cultivar,Tropical,Bright light,Diffused,Keep moist between watering. Water when soil is half dry.,Mealy bug; Scale,,Hanging; Tertiary,28,82.4,10,50.0,Nephrolepis exaltata var,nietoksyczna,nietoksyczna
145,Howea forsteriana,Arecaceae,Kentia palm; Paradise palm,Palm,South Pacific,Tropical,Bright light,Diffused,Keep moist between watering. Must not be dry between watering,,,Potted plant; Primary,28,82.4,12,53.6,Howea forsteriana,nietoksyczna,nietoksyczna
146,Philodendron,Araceae,Emerald Prince,Philodendron,Cultivar,Tropical,Bright light,Diffused,Keep moist between watering. Water when soil is half dry.,Mealy bug,Erwinia,Table top; Secondary,28,82.4,18,64.4,Philodendron,toksyczna (szczawiany wapnia),toksyczna
147,Homalomena,Araceae,Emerald Gem,Foliage plant,Cultivar,Tropical,Bright light,Diffused,Keep moist between watering. Water when soil is half dry.,Mealy bug,,Table top; Tertiary,28,82.4,10,50.0,Homalomena,toksyczna,toksyczna
148,Peperomia clusiifolia,Piperaceae,Tricolor Peperomia,Other,Cultivar,Tropical,Bright light,/,Keep moist between watering. Water when soil is half dry.,Mealy bug,,Table top; Ground cover; Tertiary,32,89.6,10,50.0,Peperomia clusiifolia,nietoksyczna,nietoksyczna
149,Pandorea jasminoides,Bignoniaceae,Bower plant; Bower of beauty,Flower,Australia,Subtropical,6 or more hours of direct sunlight per day.,Direct sunlight.,Keep moist between watering. Water when soil is half dry.,Mealy bug,,Potted plant; Secondary,28,82.4,8,46.4,Pandorea jasminoides,lekko toksyczna,może powodować nudności po spożyciu
150,Neoregelia carolinae var.,Bromeliaceae,,Bromeliad,Cultivar,Tropical,Bright light,Diffused,Change water regularly in the vase. Water when soil is half dry.,,,Table top; Colors / Forms,30,20.0,12,53.6,Neoregelia carolinae var.,nietoksyczna,nietoksyczna
151,Radermachera sinica,Bignoniaceae,China doll,Other,China,Subtropical,6 or more hours of direct sunlight per day.,Direct sunlight.,Keep moist between watering. Water when soil is half dry.,Mealy bug,,Table top; Tertiary,28,82.4,8,46.4,Radermachera sinica,nietoksyczna,nietoksyczna
152,Pteris cretica Parkeri,Pteridaceae,Cretan brake,Fern,Cultivar,Tropical humid,Bright light,/,Keep moist between watering. Must not be dry between watering,,,Table top; Tertiary,28,82.4,12,53.6,Pteris cretica Parkeri,nietoksyczna,nietoksyczna
153,Polystichum tsus simense,Dryopteridaceae,Korean rock fern; Tsu sima holly fern,Fern,Korea,Subtropical,Bright light,/,Keep moist between watering. Must not be dry between watering,,,Table top; Tertiary,28,82.4,-5,23.0,Polystichum tsus simense,nietoksyczna,nietoksyczna
154,Polystichum polyblepharum,Dryopteridaceae,Japanese tassel fern,Fern,Japan,Subtropical,Bright light,/,Keep moist between watering. Must not be dry between watering,,,Table top; Tertiary,28,82.4,-5,23.0,Polystichum polyblepharum,nietoksyczna,nietoksyczna
155,Ravenea rivularis,Arecaceae,Majesty palm,Palm,Madagascar,Tropical,6 or more hours of direct sunlight per day.,Direct sunlight.,Keep moist between watering. Must not be dry between watering,Spider mite; Mealy bug,,Potted plant; Secondary,30,20.0,8,46.4,Ravenea rivularis,nietoksyczna,nietoksyczna
156,Polyscias scutellaria,Araliaceae,Fabian Aralia; Red Aralia,Aralia,Asia,Tropical,6 or more hours of direct sunlight per day.,Direct sunlight.,Keep moist between watering. Water when soil is half dry.,Spider mite; Aphid; Mealy bug,,Potted plant; Primary,30,20.0,12,53.6,Polyscias scutellaria,toksyczna,toksyczna
157,Pteris cretica Albo lineata,Pteridaceae,Silver Ribbon Fern,Fern,Cultivar,Tropical humid,Bright light,/,Keep moist between watering. Must not be dry between watering,,,Table top; Tertiary,28,82.4,12,53.6,Pteris cretica Albo lineata,nietoksyczna,nietoksyczna
158,Platycerium bifurcatum,Polypodiaceae,Staghorn fern,Fern,Australia,Tropical,Bright light,Diffused,Keep moist between watering. Water when soil is half dry.,,,Potted plant; Tertiary,30,20.0,5,41.0,Platycerium bifurcatum,nietoksyczna,nietoksyczna
159,Philodendron Xanadu,Araceae,,Philodendron,Cultivar,Tropical,Bright light,Diffused,Keep moist between watering. Water when soil is half dry.,Mealy bug,Erwinia,Potted plant; Secondary,28,82.4,18,64.4,Philodendron Xanadu,toksyczna,toksyczna
160,Polyscias pinnatta,Araliaceae,Balfour aralia; Aralia Balfouriana; Lemon Lime,Aralia,Cultivar,Tropical,6 or more hours of direct sunlight per day.,Direct sunlight.,Keep moist between watering. Water when soil is half dry.,Spider mite; Aphid; Mealy bug,,Potted plant; Primary,30,20.0,12,53.6,Polyscias pinnatta,toksyczna,toksyczna
161,Philodendron Tatei Congo,Araceae,,Philodendron,Cultivar,Tropical,Bright light,Diffused,Keep moist between watering. Water when soil is half dry.,Mealy bug,Erwinia,Table top; Secondary,28,82.4,18,64.4,Philodendron Tatei Congo,toksyczna,toksyczna
162,Sansevieria trifasciata Laurentii,Liliaceae,Snake plant,Sansevieria,South Africa,Tropical,Bright light,Diffused,Water when soil is half dry. Can be dry between watering.,,,Potted plant; Tertiary,35,95.0,10,50.0,Sansevieria trifasciata Laurentii,"toksyczna (nudności, wymioty)","lekko toksyczna (gorzkawy smak, biegunka)"
163,Philodendron pinnatifidum,Araceae,Fernleaf Philodendron,Philodendron,Venezuela,Tropical,Bright light,Diffused,Keep moist between watering. Water when soil is half dry.,Mealy bug,Erwinia,Table top; Tertiary,28,82.4,18,64.4,Philodendron pinnatifidum,toksyczna,toksyczna
164,Podocarpus gracilior,Podocarpaceae,African fern pine; Buddhist pine,Foliage plant,Central Africa,Subtropical,6 or more hours of direct sunlight per day.,Direct sunlight.,Keep moist between watering. Must not be dry between watering,Mealy bug; Scale,,Potted plant; Primary,30,20.0,10,50.0,Podocarpus gracilior,"toksyczna (senność, wymioty)","toksyczna (bóle brzucha, wymioty)"
165,Sansevieria trifasciata Hahnii,Liliaceae,Birdnest sansevieria; Snake plant,Sansevieria,Cultivar,Tropical,Bright light,Diffused,Water when soil is half dry. Can be dry between watering.,,,Table top; Tertiary,35,95.0,10,50.0,Sansevieria trifasciata Hahnii,toksyczna,lekko toksyczna
166,Sansevieria trifasciata,Liliaceae,Snake plant,Sansevieria,South Africa,Subtropical,Bright light,Diffused,Water when soil is half dry. Can be dry between watering.,,,Potted plant; Primary,35,95.0,10,50.0,Sansevieria trifasciata,toksyczna,lekko toksyczna
167,Polyscias crispata,Araliaceae,Chicken gizard aralia,Aralia,Malaysia,Tropical,6 or more hours of direct sunlight per day.,Direct sunlight.,Keep moist between watering. Water when soil is half dry.,Spider mite; Aphid; Mealy bug,,Potted plant; Primary,30,20.0,12,53.6,Polyscias crispata,toksyczna,toksyczna
168,Phoenix roebellinii,Palmae,Pignee Date palm,Palm,Vietnam,Tropical,6 or more hours of direct sunlight per day.,/,Keep moist between watering. Must not be dry between watering,Spider mite; Scale,,Potted plant; Primary,28,82.4,8,46.4,Phoenix roebellinii,nietoksyczna,nietoksyczna
169,Polyscias pinnata Marginata,Araliaceae,Variegated Balfour aralia; Aralia Balfouriana,Aralia,Cultivar,Tropical,6 or more hours of direct sunlight per day.,Direct sunlight.,Keep moist between watering. Water when soil is half dry.,Spider mite; Aphid; Mealy bug,,Potted plant; Primary,30,20.0,12,53.6,Polyscias pinnata Marginata,toksyczna,toksyczna
170,Polyscias fruticosa Elegans,Araliaceae,Ming Aralia; Parsley panax,Aralia,Malaysia,Tropical,6 or more hours of direct sunlight per day.,Direct sunlight.,Keep moist between watering. Water when soil is half dry.,Spider mite; Aphid; Mealy bug,,Potted plant; Primary,30,20.0,12,53.6,Polyscias fruticosa Elegans,toksyczna,toksyczna
171,Philodendron selloum,Araceae,Lacy tree philodendron,Philodendron,Brazil,Tropical,Bright light,Diffused,Keep moist between watering. Water when soil is half dry.,Mealy bug,Erwinia,Potted plant; Secondary,28,82.4,18,64.4,Philodendron selloum,toksyczna,toksyczna
172,Pteris ensiformis Evergemiensis,Pteridaceae,Silver Lace Fern,Fern,Asia,Tropical humid,Bright light,/,Keep moist between watering. Must not be dry between watering,,,Table top; Tertiary,28,82.4,12,53.6,Pteris ensiformis Evergemiensis,nietoksyczna,nietoksyczna
173,Rhapis excelsa,Arecaceae,Lady palm,Palm,China,Subtropical,Bright light,Diffused,Keep moist between watering. Must not be dry between watering,,,Potted plant; Secondary,30,20.0,8,46.4,Rhapis excelsa,nietoksyczna,nietoksyczna
174,Polyscias fruticosa,Araliaceae,Ming Aralia; Parsley panax,Aralia,Malaysia,Tropical,6 or more hours of direct sunlight per day.,Direct sunlight.,Keep moist between watering. Water when soil is half dry.,Spider mite; Aphid; Mealy bug,,Potted plant; Primary,30,20.0,12,53.6,Polyscias fruticosa,toksyczna,toksyczna
175,Philodendron scandens oxycardium,Araceae,Parlor ivy; Sweetheart plant; Heartleaf philodendron; Cordatum vine,Philodendron,Central America,Tropical,Bright light,Diffused,Keep moist between watering. Water when soil is half dry.,Mealy bug,Erwinia,Potted plant; Secondary,28,82.4,18,64.4,Philodendron scandens oxycardium,toksyczna,toksyczna
176,Veitchia merrillii,Arecaceae,Adonidia; Christmas palm; Manila palm,Palm,Philippines,Tropical,6 or more hours of direct sunlight per day.,Direct sunlight.,Keep moist between watering. Must not be dry between watering,Spider mite; Mealy bug,,Potted plant; Secondary,30,20.0,15,59.0,Veitchia merrillii,nietoksyczna,nietoksyczna
177,Spathiphyllum Lynise,Araceae,Peace lily,Spathiphyllum,Cultivar,Tropical,Bright light,Diffused,Keep moist between watering. Must not be dry between watering,Mealy bug; Thrips,Phytophtora,Potted plant; Secondary,28,82.4,15,59.0,Spathiphyllum Lynise,toksyczna (szczawiany wapnia),toksyczna
178,Spathiphyllum Ceres,Araceae,Peace lily,Spathiphyllum,Cultivar,Tropical,Bright light,Diffused,Keep moist between watering. Must not be dry between watering,Mealy bug; Thrips,Phytophtora,Table top; Tertiary,28,82.4,15,59.0,Spathiphyllum Ceres,toksyczna,toksyczna
179,Vriesea splendens,Bromeliaceae,,Bromeliad,Venezuela,Tropical,Bright light,Diffused,Change water regularly in the vase. Water when soil is half dry.,,,Table top; Tertiary,28,82.4,15,59.0,Vriesea splendens,nietoksyczna,nietoksyczna
180,Trichilia dregei,Miliaceae,Cape mahogany; Christmas bells,Other,Zimbabwe,Tropical humid,Bright light,Diffused,Keep moist between watering. Must not be dry between watering,Mealy bug,,Potted plant; Secondary,28,82.4,12,53.6,Trichilia dregei,toksyczna,toksyczna
181,Vriesea Ginger,Bromeliaceae,,Bromeliad,Cultivar,Tropical,Bright light,Diffused,Change water regularly in the vase. Water when soil is half dry.,,,Table top; Tertiary,28,82.4,15,59.0,Vriesea Ginger,nietoksyczna,nietoksyczna
182,Vriesea Charlotte,Bromeliaceae,,Bromeliad,Cultivar,Tropical,Bright light,Diffused,Change water regularly in the vase. Water when soil is half dry.,,,Table top; Tertiary,28,82.4,15,59.0,Vriesea Charlotte,nietoksyczna,nietoksyczna
183,Syngonium podophyllum,Araceae,African evergreen; Arrowhead vine; Goosefoot plant; White Lightning,Hanging,Cultivar,Tropical humid,Bright light,Diffused,Keep moist between watering. Water when soil is half dry.,Spider mite; Mealy bug,Crown rot; Erwinia,Hanging; Tertiary,28,82.4,12,53.6,Syngonium podophyllum,"toksyczna (szczawiany wapnia – ślinotok, wymioty)","toksyczna (pieczenie ust, gardła)"
184,Syagrus schizophylla,Arecaceae,Parrot palm,Palm,Brazil,Tropical humid,6 or more hours of direct sunlight per day.,Direct sunlight.,Keep moist between watering. Water when soil is half dry.,,,Potted plant; Primary,30,20.0,12,53.6,Syagrus schizophylla,nietoksyczna,nietoksyczna
185,Tillandsia cyanea,Bromeliaceae,Pink quill,Bromeliad,Ecuador,Tropical humid,Bright light,Diffused,Change water regularly in the vase. Water when soil is half dry.,,,Table top; Tertiary,30,20.0,15,59.0,Tillandsia cyanea,nietoksyczna,nietoksyczna
186,Vriesea Christiane,Bromeliaceae,,Bromeliad,Cultivar,Tropical,Bright light,Diffused,Change water regularly in the vase. Water when soil is half dry.,,,Table top; Tertiary,28,82.4,15,59.0,Vriesea Christiane,nietoksyczna,nietoksyczna
187,Tillandsia Creation,Bromeliaceae,,Bromeliad,Hybrid,Tropical humid,Bright light,Diffused,Change water regularly in the vase. Water when soil is half dry.,,,Table top; Tertiary,30,20.0,15,59.0,Tillandsia Creation,nietoksyczna,nietoksyczna
188,Xanthosoma lindenii,Araceae, Indian kale,Foliage plant,Colombia,Tropical,Bright light,Diffused,Keep moist between watering. Water when soil is half dry.,Spider mite; Mealy bug,,Potted plant; Primary,28,82.4,12,53.6,Xanthosoma lindenii,toksyczna,toksyczna
189,Schefflera elegantissima,Araliaceae,False aralia,Aralia,New Calidonia,Tropical,6 or more hours of direct sunlight per day.,Direct sunlight.,Keep moist between watering. Can dry between watering,Spider mite; Mealy bug; Scale,,Potted plant; Secondary,28,82.4,12,53.6,Schefflera elegantissima,"toksyczna (szczawiany, gorzki sok)",toksyczna
190,Spathiphyllum Sensation,Araceae,Peace lily,Spathiphyllum,Cultivar,Tropical,Bright light,Diffused,Keep moist between watering. Must not be dry between watering,Mealy bug; Thrips,Phytophtora,Potted plant; Primary,28,82.4,15,59.0,Spathiphyllum Sensation,toksyczna,toksyczna
191,Spathiphyllum Starlight,Liliaceae,Peace lily,Spathiphyllum,Cultivar,Tropical,Bright light,Diffused,Keep moist between watering. Must not be dry between watering,Mealy bug; Thrips,Phytophtora,Table top; Tertiary,28,82.4,15,59.0,Spathiphyllum Starlight,toksyczna,toksyczna
192,Sedum morganianum,Crasssulaceae,Burro tail,Hanging,Mexico,Arid Tropical,6 or more hours of direct sunlight per day.,Direct sunlight.,Water only when the soil is dry. Must be dry between watering,Mealy bug,,Hanging; Tertiary,35,95.0,8,46.4,Sedum morganianum,nietoksyczna,nietoksyczna
193,Spathiphyllum Domino,Araceae,Peace lily,Spathiphyllum,Cultivar,Tropical,Bright light,Diffused,Keep moist between watering. Must not be dry between watering,Mealy bug; Thrips,Phytophtora,Table top; Tertiary,28,82.4,15,59.0,Spathiphyllum Domino,toksyczna,toksyczna
194,Syngonium podophyllum,Araceae,African evergreen; Arrowhead vine; Goosefoot plant; Pink Allusion,Hanging,Cultivar,Tropical humid,Bright light,Diffused,Keep moist between watering. Water when soil is half dry.,Spider mite; Mealy bug,Crown rot; Erwinia,Hanging; Tertiary,28,82.4,12,53.6,Syngonium podophyllum,"toksyczna (szczawiany wapnia – ślinotok, wymioty)","toksyczna (pieczenie ust, gardła)"
195,Scindapsus pictus argyraeus,Araceae,Picta Philodendron; Satin pothos; Devils ivy,Hanging,Indonisia,Tropical,Bright light,Diffused,Water when soil is half dry. Can be dry between watering.,Mealy bug,,Hanging; Tertiary,30,20.0,12,53.6,Scindapsus pictus argyraeus,toksyczna,toksyczna
196,Xanthorrhoea arborea,Liliaceae,Grass tree,Other,Australia,Arid Tropical,6 or more hours of direct sunlight per day.,/,Water only when the soil is dry. Must be dry between watering,,,Potted plant; Primary,35,95.0,12,53.6,Xanthorrhoea arborea,nietoksyczna (dane ograniczone),nietoksyczna
197,Schefflera arboricola Trinette,Araliaceae,Yellow Hawaiian elf; Yellow parasol plant,Schefflera,Cultivar,Tropical,6 or more hours of direct sunlight per day.,Direct sunlight.,Keep moist between watering. Water when soil is half dry.,Spider mite; Aphid; Mealy bug,,Table top; Secondary,30,20.0,12,53.6,Schefflera arboricola Trinette,toksyczna,toksyczna
198,Schefflera actinophylla Amate,Araliaceae,Umbella plant,Schefflera,Cultivar,Tropical,6 or more hours of direct sunlight per day.,Direct sunlight.,Keep moist between watering. Water when soil is half dry.,Spider mite; Aphid; Mealy bug,,Potted plant; Secondary,28,82.4,12,53.6,Schefflera actinophylla Amate,toksyczna,toksyczna
199,Schefflera actinophylla Renegade,Araliaceae,Umbella plant,Schefflera,Cultivar,Tropical,6 or more hours of direct sunlight per day.,Direct sunlight.,Keep moist between watering. Water when soil is half dry.,Spider mite; Aphid; Mealy bug,,Potted plant; Secondary,28,82.4,12,53.6,Schefflera actinophylla Renegade,toksyczna,toksyczna
200,Sansevieria trifasciata var,Liliaceae,Snake plant,Sansevieria,Cultivar,Tropical,Bright light,Diffused,Water when soil is half dry. Can be dry between watering.,,,Potted plant; Secondary,35,95.0,10,50.0,Sansevieria trifasciata var,toksyczna,lekko toksyczna
201,Spathiphyllum Supreme,Liliaceae,Peace lily,Spathiphyllum,Cultivar,Tropical,Bright light,Diffused,Keep moist between watering. Must not be dry between watering,Mealy bug; Thrips,Phytophtora,Potted plant; Secondary,28,82.4,15,59.0,Spathiphyllum Supreme,toksyczna,toksyczna
202,Schefflera arboricola,Araliaceae,Hawaiian elf; Parasol plant,Schefflera,Taiwan,Tropical,6 or more hours of direct sunlight per day.,Direct sunlight.,Keep moist between watering. Water when soil is half dry.,Spider mite; Aphid; Mealy bug,,Potted plant; Secondary,30,20.0,12,53.6,Schefflera arboricola,toksyczna,toksyczna
203,Spathiphyllum,Araceae,Peace lily; Emerald Swirl,Spathiphyllum,Cultivar,Tropical,Bright light,Diffused,Keep moist between watering. Must not be dry between watering,Mealy bug; Thrips,Phytophtora,Table top; Tertiary,28,82.4,15,59.0,Spathiphyllum,toksyczna,toksyczna
204,Spathiphyllum Starlight,Araceae,Peace lily,Spathiphyllum,Cultivar,Tropical,Bright light,Diffused,Keep moist between watering. Must not be dry between watering,Mealy bug; Thrips,Phytophtora,Table top; Tertiary,28,82.4,15,59.0,Spathiphyllum Starlight,toksyczna,toksyczna
205,Schefflera arboricola,Araliaceae,Hawaiian elf; Parasol plant; Gold Cappela,Schefflera,Cultivar,Tropical,6 or more hours of direct sunlight per day.,Direct sunlight.,Keep moist between watering. Water when soil is half dry.,Spider mite; Aphid; Mealy bug,,Potted plant; Secondary,30,20.0,12,53.6,Schefflera arboricola,toksyczna,toksyczna
206,Strelitzia nicolai,Strelitziaceae,White bird of paradise,Foliage plant,South Africa,Subtropical,6 or more hours of direct sunlight per day.,Direct sunlight.,Keep moist between watering. Water when soil is half dry.,Spider mite; Mealy bug,,Table top; Tertiary,30,20.0,12,53.6,Strelitzia nicolai,toksyczna (łagodne zatrucia),lekko toksyczna (niestrawność)
207,Zamioculcas zamifolia,Araceae,Zz plant,Foliage plant,South Africa,Tropical,Bright light,Diffused,Keep moist between watering. Water when soil is half dry.,,,Table top; Secondary,30,20.0,12,53.6,Zamioculcas zamifolia,"toksyczna (kontakt i spożycie – wymioty, biegunka)","toksyczna (szczawiany wapnia – podrażnienia skóry, jamy ustnej)"
208,Yucca elephantipes,Liliaceae,Spineless yucca; Palm lily,Dracaena,Mexico,Subtropical,6 or more hours of direct sunlight per day.,Direct sunlight.,Keep moist between watering. Water when soil is half dry.,,Downy mildiou,Potted plant; Secondary,30,20.0,12,53.6,Yucca elephantipes,"toksyczna (saponiny – wymioty, biegunka)","lekko toksyczna (bóle brzucha, nudności)"
