latin,category,ideallight,toleratedlight,watering,use,tempmax.celsius,tempmin.celsius,toxicity_animals,toxicity_humans,tempmin_pasmo,tempmax_pasmo,is_cold_tolerant,is_heat_tolerant,category_group
Aeschynanthus lobianus,Hanging,Bright light,Direct sunlight,Keep moist between watering. Can be a bit dry between watering,Hanging; Flower; Tertiary,32,14,nietoksyczna,nietoksyczna,Lubi ciepło,Normalna tolerancja ciepła,0,0,Wisząca
Adiantum raddianum,Fern,Bright light,Diffused,Keep moist between watering. Must not be dry between watering,Potted plant; Ground cover; Table top,30,12,nietoksyczna,nietoksyczna,Tylko temperatura pokojowa,Normalna tolerancja ciepła,0,0,Paproć / roślina zielona
Aechmea fatsiata,Bromeliad,Bright light,Diffused,Water when soil is half dry. Change water in the vase regularly.,Flower; Table top; Tertiary,30,12,nietoksyczna,może powodować lekkie podrażnienia,Tylko temperatura pokojowa,Normalna tolerancja ciepła,0,0,Roślina kwitnąca
Agave angustilolia Marginata,Cactus And Succulent,6 or more hours of direct sunlight per day.,Direct sunlight.,Water only when the soil is dry. Must be dry between watering,Potted plant; Primary; Secondary,35,5,"toksyczna (podrażnienia, wymioty)","toksyczna (sok drażni skórę, oczy)",Odporna na chłód,Odporna na upał,1,1,Sukulent / kaktus
Aechmea ramosa,Bromeliad,Bright light,Diffused,Water when soil is half dry. Change water in the vase regularly.,Flower; Table top; Primary,30,12,nietoksyczna,może powodować lekkie podrażnienia,Tylko temperatura pokojowa,Normalna tolerancja ciepła,0,0,Roślina kwitnąca
Aechmea fasciata,Bromeliad,Bright light,Diffused,Water when soil is half dry. Change water in the vase regularly.,Flower; Table top; Tertiary,30,12,nietoksyczna,może powodować lekkie podrażnienia,Tylko temperatura pokojowa,Normalna tolerancja ciepła,0,0,Roślina kwitnąca
Agave filifera,Cactus And Succulent,6 or more hours of direct sunlight per day.,Direct sunlight.,Water only when the soil is dry. Must be dry between watering,Potted plant; Primary; Secondary,35,5,"toksyczna (wymioty, biegunka)","toksyczna (podrażnienia skóry, układu pokarmowego)",Odporna na chłód,Odporna na upał,1,1,Sukulent / kaktus
Adiantum hispidulum,Fern,Bright light,Diffused,Keep moist between watering. Must not be dry between watering,Table top; Ground cover; Tertiary,30,12,nietoksyczna,nietoksyczna,Tylko temperatura pokojowa,Normalna tolerancja ciepła,0,0,Paproć / roślina zielona
Agave attenuata,Cactus And Succulent,6 or more hours of direct sunlight per day.,Direct sunlight.,Water only when the soil is dry. Must be dry between watering,Potted plant; Primary; Secondary,35,5,toksyczna (problemy żołądkowe),"toksyczna (sok drażniący, oparzenia)",Odporna na chłód,Odporna na upał,1,1,Sukulent / kaktus
Aglaonema,Aglaonema,Bright light,Diffused,Keep moist between watering. Water when soil is half dry.,Potted plant; Secondary; Tertiary,28,18,"toksyczna (szczypanie pyska, ślinotok, wymioty)","toksyczna (zawiera szczawiany wapnia, podrażnienia jamy ustnej)",Lubi ciepło,Normalna tolerancja ciepła,0,0,Paproć / roślina zielona
Agave verschaffeltii,Cactus And Succulent,6 or more hours of direct sunlight per day.,Direct sunlight.,Water only when the soil is dry. Must be dry between watering,Potted plant; Primary; Secondary,35,12,toksyczna,toksyczna,Tylko temperatura pokojowa,Odporna na upał,0,1,Sukulent / kaktus
Agave striata,Cactus And Succulent,6 or more hours of direct sunlight per day.,Direct sunlight.,Water only when the soil is dry. Must be dry between watering,Potted plant; Primary; Secondary,35,12,toksyczna,toksyczna,Tylko temperatura pokojowa,Odporna na upał,0,1,Sukulent / kaktus
Alocasia nebula Imperialis,Other,Bright light,Direct sunlight.,Keep moist between watering. Water when soil is half dry.,Colors / Forms; Table top; Tertiary,28,15,"toksyczna (ciężkie objawy, szczawiany wapnia)","toksyczna (oparzenia jamy ustnej, gardła)",Lubi ciepło,Normalna tolerancja ciepła,0,0,Inne
Allamanda nerifolia,Flower,6 or more hours of direct sunlight per day.,Direct sunlight.,Keep moist between watering. Water when soil is half dry.,Flower,30,10,"toksyczna (biegunka, wymioty)","toksyczna (drażniąca, przeczyszczająca)",Toleruje chłód,Normalna tolerancja ciepła,0,0,Roślina kwitnąca
Aspidistra elatior,Foliage plant,Bright light,Diffused,Water when soil is half dry. Can be dry between watering.,Ground cover; Potted plant,28,8,nietoksyczna,nietoksyczna,Toleruje chłód,Normalna tolerancja ciepła,0,0,Paproć / roślina zielona
Anthurium superbum,Anthurium,Bright light,Diffused,Water when soil is half dry. Can be dry between watering.,Table top; Colors / Forms; Secondary,28,18,"toksyczna (podrażnienia jamy ustnej, wymioty)","toksyczna (szczawiany wapnia – pieczenie ust, gardła)",Lubi ciepło,Normalna tolerancja ciepła,0,0,Roślina kwitnąca
Caryota mitis,Palm,Bright light,Diffused,Keep moist between watering. Must not be dry between watering,Potted plant; Primary,25,10,"toksyczna (podrażnienia, wymioty)","toksyczna (szczawiany, podrażnienia ust)",Toleruje chłód,Wrażliwa na upał,0,0,Palma / drzewko ozdobne
Codiaeum petra,Foliage plant,6 or more hours of direct sunlight per day.,Direct sunlight.,Keep moist between watering. Water when soil is half dry.,Potted plant; Secondary,28,10,"toksyczna (kontakt ze skórą – wysypka, wymioty)","toksyczna (sok drażniący, biegunka, wymioty)",Toleruje chłód,Normalna tolerancja ciepła,0,0,Paproć / roślina zielona
Cereus peruvianus,Cactus And Succulent,6 or more hours of direct sunlight per day.,Direct sunlight.,Water only when dry or when soil is half dry.,Potted plant; Primary,35,5,nietoksyczna,nietoksyczna (ostre kolce mechanicznie niebezpieczne),Odporna na chłód,Odporna na upał,1,1,Sukulent / kaktus
Blechnum gibbum,Fern,Bright light,Diffused,Keep moist between watering. Must not be dry between watering,Potted plant; Secondary,30,10,nietoksyczna,nietoksyczna,Toleruje chłód,Normalna tolerancja ciepła,0,0,Paproć / roślina zielona
Chamaedorea elegans,Palm,Bright light,Diffused,Keep moist between watering. Water when soil is half dry.,Potted plant; Tertiary,28,5,nietoksyczna,nietoksyczna,Odporna na chłód,Normalna tolerancja ciepła,1,0,Palma / drzewko ozdobne
Calathea veitchiana,Foliage plant,Bright light,Diffused,Keep moist between watering. Water when soil is half dry.,Table top; Ground cover,25,10,nietoksyczna,nietoksyczna,Toleruje chłód,Wrażliwa na upał,0,0,Paproć / roślina zielona
Calathea pictura Argentea,Foliage plant,Bright light,Diffused,Keep moist between watering. Water when soil is half dry.,Table top; Ground cover; Tertiary,25,10,nietoksyczna,nietoksyczna,Toleruje chłód,Wrażliwa na upał,0,0,Paproć / roślina zielona
Bougainvillea,Flower,6 or more hours of direct sunlight per day.,Direct sunlight.,Keep moist between watering. Water when soil is half dry.,Potted plant; Colors / Forms; Primary,32,10,nietoksyczna (kolce mogą ranić),nietoksyczna (kolce mogą ranić),Toleruje chłód,Normalna tolerancja ciepła,0,0,Roślina kwitnąca
 Chamaedorea seifrizii,Palm,Bright light,Diffused,Keep moist between watering. Water when soil is half dry.,Potted plant; Secondary,30,10,nietoksyczna,nietoksyczna,Toleruje chłód,Normalna tolerancja ciepła,0,0,Palma / drzewko ozdobne
 Alocasia X amazonica,Other,Bright light,Diffused,Keep moist between watering. Water when soil is half dry.,Colors / Forms; Table top; Tertiary,28,15,toksyczna (szczawiany wapnia),"toksyczna (pieczenie ust, gardła)",Lubi ciepło,Normalna tolerancja ciepła,0,0,Inne
Anthurium X,Anthurium,Bright light,Diffused,Water when soil is half dry. Can be dry between watering.,Flower; Table top; Tertiary,22,18,toksyczna,toksyczna,Lubi ciepło,Wrażliwa na upał,0,0,Roślina kwitnąca
Anthurium hookeri,Anthurium,Bright light,Diffused,Water when soil is half dry. Can be dry between watering.,Potted plant; Secondary,28,18,toksyczna,toksyczna,Lubi ciepło,Normalna tolerancja ciepła,0,0,Roślina kwitnąca
Cissus rhombifolia,Hanging,Bright light,Diffused,Keep moist between watering. Can dry between watering,Hanging; Ground cover,28,10,lekko toksyczna (wymioty u kotów),nietoksyczna lub lekkie podrażnienia,Toleruje chłód,Normalna tolerancja ciepła,0,0,Wisząca
Cereus peruvianus Monstrosus,Cactus And Succulent,6 or more hours of direct sunlight per day.,Direct sunlight.,Water only when dry or when soil is half dry.,Potted plant; Primary,35,5,nietoksyczna,nietoksyczna (kolce mogą powodować urazy mechaniczne),Odporna na chłód,Odporna na upał,1,1,Sukulent / kaktus
Chamaedorea erumpens,Palm,Bright light,Diffused,Keep moist between watering. Water when soil is half dry.,Potted plant; Secondary,28,10,nietoksyczna,nietoksyczna,Toleruje chłód,Normalna tolerancja ciepła,0,0,Palma / drzewko ozdobne
Calathea stromata,Foliage plant,Bright light,Diffused,Keep moist between watering. Water when soil is half dry.,Table top; Ground cover,25,10,nietoksyczna,nietoksyczna,Toleruje chłód,Wrażliwa na upał,0,0,Paproć / roślina zielona
Codiaeum,Foliage plant,6 or more hours of direct sunlight per day.,Direct sunlight.,Keep moist between watering. Water when soil is half dry.,Secondary; Tertiary,28,10,"toksyczna (wymioty, biegunka, podrażnienia skóry)","toksyczna (sok drażniący, może powodować wysypkę)",Toleruje chłód,Normalna tolerancja ciepła,0,0,Paproć / roślina zielona
Calathea rufibarba,Foliage plant,Bright light,Diffused,Keep moist between watering. Water when soil is half dry.,Table top; Ground cover,25,10,nietoksyczna,nietoksyczna,Toleruje chłód,Wrażliwa na upał,0,0,Paproć / roślina zielona
Alocasias X Amazonica var,Other,Bright light,Diffused,Keep moist between watering. Water when soil is half dry.,Colors / Forms; Table top; Tertiary,28,15,"toksyczna (szczawiany wapnia – obrzęk pyska, ślinotok)","toksyczna (pieczenie jamy ustnej, gardła)",Lubi ciepło,Normalna tolerancja ciepła,0,0,Inne
Crassula argentea,Cactus And Succulent,6 or more hours of direct sunlight per day.,Direct sunlight.,Water only when the soil is dry. Must be dry between watering,Potted plant; Primary,35,12,"toksyczna (apatia, wymioty u kotów i psów)",może powodować lekkie zatrucia przy spożyciu,Tylko temperatura pokojowa,Odporna na upał,0,1,Sukulent / kaktus
Alocasias X Amazonica,Other,Bright light,Diffused,Keep moist between watering. Water when soil is half dry.,Colors / Forms; Potted plant; Primary,28,15,toksyczna,toksyczna,Lubi ciepło,Normalna tolerancja ciepła,0,0,Inne
Anthurium schlechtendalii,Anthurium,Bright light,Diffused,Water when soil is half dry. Can be dry between watering.,Potted plant; Colors / Forms; Primary,28,18,"toksyczna (szczawiany wapnia – wymioty, ślinotok)","toksyczna (pieczenie ust, gardła, obrzęk)",Lubi ciepło,Normalna tolerancja ciepła,0,0,Roślina kwitnąca
Chamaedorea metallica,Palm,Bright light,Diffused,Keep moist between watering. Water when soil is half dry.,Potted plant; Secondary,30,10,nietoksyczna,nietoksyczna,Toleruje chłód,Normalna tolerancja ciepła,0,0,Palma / drzewko ozdobne
Aspidistra elatior Minor,Foliage plant,Bright light,Diffused,Water when soil is half dry. Can be dry between watering.,Ground cover; Potted plant,28,8,nietoksyczna,nietoksyczna,Toleruje chłód,Normalna tolerancja ciepła,0,0,Paproć / roślina zielona
Calathea ornata Rosea lineata,Foliage plant,Bright light,Diffused,Keep moist between watering. Water when soil is half dry.,Table top; Ground cover; Tertiary,25,10,nietoksyczna,nietoksyczna,Toleruje chłód,Wrażliwa na upał,0,0,Paproć / roślina zielona
Asplenium nidus,Fern,Bright light,Diffused,Keep moist between watering. Must not be dry between watering,Potted plant; Primary,28,15,nietoksyczna,nietoksyczna,Lubi ciepło,Normalna tolerancja ciepła,0,0,Paproć / roślina zielona
Chlorophytum comosum,Hanging,Bright light,Diffused,Keep moist between watering. Water when soil is half dry.,Hanging; Ground cover,28,5,nietoksyczna (u kotów może wywołać łagodne wymioty przy zjedzeniu dużej ilości),nietoksyczna,Odporna na chłód,Normalna tolerancja ciepła,1,0,Wisząca
Didymochlaena truncatula,Fern,6 or more hours of direct sunlight per day.,Diffused,Keep moist between watering. Must not be dry between watering,Potted plant; Tertiary,30,5,nietoksyczna,nietoksyczna,Odporna na chłód,Normalna tolerancja ciepła,1,0,Paproć / roślina zielona
Dieffenbachia,Dieffenbachia,Bright light,Diffused,Keep moist between watering. Can dry between watering,Table top; Potted plant,28,12,"bardzo toksyczna (ślinotok, obrzęk języka, trudności w połykaniu)","bardzo toksyczna (oparzenia jamy ustnej, gardła, możliwa utrata głosu)",Tylko temperatura pokojowa,Normalna tolerancja ciepła,0,0,Paproć / roślina zielona
Dracaena marginata,Dracaena,Bright light,Diffused,Keep moist between watering. Can dry between watering,Potted plant; Secondary,28,10,"toksyczna (wymioty, ślinotok, osłabienie)",nietoksyczna (u ludzi objawy bardzo rzadkie),Toleruje chłód,Normalna tolerancja ciepła,0,0,Paproć / roślina zielona
Dracaena fragrans Massangeana,Dracaena,Bright light,Diffused,Keep moist between watering. Can dry between watering,Potted plant; Primary,30,10,"toksyczna (wymioty, utrata apetytu u psów i kotów)",nietoksyczna lub bardzo łagodna toksyczność,Toleruje chłód,Normalna tolerancja ciepła,0,0,Paproć / roślina zielona
Dracaena deremensis,Dracaena,Bright light,Diffused,Keep moist between watering. Can dry between watering,Potted plant; Secondary,30,10,toksyczna,nietoksyczna,Toleruje chłód,Normalna tolerancja ciepła,0,0,Paproć / roślina zielona
Cryptanthus Rose Eliane,Bromeliad,Bright light,Direct sunlight,Can be dry between watering. Water when soil is half dry.,Table top; Primary,28,10,nietoksyczna,nietoksyczna,Toleruje chłód,Normalna tolerancja ciepła,0,0,Roślina kwitnąca
Dracaena reflexa,Dracaena,6 or more hours of direct sunlight per day.,Direct sunlight.,Keep moist between watering. Water when soil is half dry.,Potted plant; Primary,30,12,"toksyczna (wymioty, rozszerzone źrenice u kotów)",nietoksyczna,Tylko temperatura pokojowa,Normalna tolerancja ciepła,0,0,Paproć / roślina zielona
Dieffenbachia maculata,Dieffenbachia,Bright light,Diffused,Keep moist between watering. Can dry between watering,Table top; Potted plant,28,12,bardzo toksyczna,bardzo toksyczna,Tylko temperatura pokojowa,Normalna tolerancja ciepła,0,0,Paproć / roślina zielona
Cycas revoluta,Palm,"Prefers bright, indirect sunlight.",/,Water when soil is half dry. Can be dry between watering.,Potted plant; Primary,30,8,"silnie toksyczna (śmiertelna dla psów i kotów, uszkodzenie wątroby)","toksyczna (nudności, wymioty, uszkodzenia wątroby)",Toleruje chłód,Normalna tolerancja ciepła,0,0,Palma / drzewko ozdobne
Ctenanthe lubbersiana,Foliage plant,Bright light,Diffused,Keep moist between watering. Must not be dry between watering,Potted plant; Secondary,25,12,nietoksyczna,nietoksyczna,Tylko temperatura pokojowa,Wrażliwa na upał,0,0,Paproć / roślina zielona
Cyrtomium falcatum,Fern,Bright light,Diffused,Keep moist between watering. Water when soil is half dry.,Potted plant; Ground cover,30,5,nietoksyczna,nietoksyczna,Odporna na chłód,Normalna tolerancja ciepła,1,0,Paproć / roślina zielona
Davallia trichomannoides,Fern,Bright light,Diffused,Water when soil is half dry. Can be dry between watering.,Hanging; Potted plant,25,10,nietoksyczna,nietoksyczna,Toleruje chłód,Wrażliwa na upał,0,0,Paproć / roślina zielona
Dieffenbachia amoena,Dieffenbachia,Bright light,Diffused,Keep moist between watering. Can dry between watering,Potted plant; Secondary,28,12,bardzo toksyczna,bardzo toksyczna,Tylko temperatura pokojowa,Normalna tolerancja ciepła,0,0,Paproć / roślina zielona
Ficus elastica,Ficus,6 or more hours of direct sunlight per day.,Direct sunlight.,Keep moist between watering. Can dry between watering,Table top; Tertiary,30,10,"toksyczna (podrażnienia żołądkowe, wymioty)","może powodować podrażnienia skóry, żołądka",Toleruje chłód,Normalna tolerancja ciepła,0,0,Palma / drzewko ozdobne
Dypsis lutescens,Palm,6 or more hours of direct sunlight per day.,Direct sunlight.,Keep moist between watering. Must not be dry between watering,Potted plant; Secondary,28,10,nietoksyczna,nietoksyczna,Toleruje chłód,Normalna tolerancja ciepła,0,0,Palma / drzewko ozdobne
Epiphyllum,Cactus And Succulent,Bright light,Direct sunlight,Keep moist between watering. Water when soil is half dry.,Hanging; Secondary,32,5,nietoksyczna,nietoksyczna,Odporna na chłód,Normalna tolerancja ciepła,1,0,Sukulent / kaktus
Echinocactus grusonii,Cactus And Succulent,6 or more hours of direct sunlight per day.,/,Water only when dry. Must be dry between watering,Potted plant; Primary,40,5,nietoksyczna (ale kolce stanowią zagrożenie mechaniczne),nietoksyczna (oparzenia mechaniczne),Odporna na chłód,Odporna na upał,1,1,Sukulent / kaktus
Euphorbia milii,Cactus And Succulent,6 or more hours of direct sunlight per day.,Direct sunlight.,Water only when the soil is dry. Must be dry between watering,Table top; Tertiary,35,12,"toksyczna (sok mleczny – wymioty, biegunka, podrażnienia)",toksyczna (podrażnienia skóry i oczu),Tylko temperatura pokojowa,Odporna na upał,0,1,Sukulent / kaktus
Epipremnum aureum,Hanging,Bright light,Diffused,Keep moist between watering. Water when soil is half dry.,Hanging; Tertiary,30,12,"toksyczna (szczawiany wapnia – wymioty, ślinotok)","toksyczna (pieczenie jamy ustnej, podrażnienia gardła)",Tylko temperatura pokojowa,Normalna tolerancja ciepła,0,0,Wisząca
Guzmania,Bromeliad,Bright light,Diffused,Water when soil is half dry. Change water in the vase regularly.,Table top; Tertiary,30,10,nietoksyczna,nietoksyczna,Toleruje chłód,Normalna tolerancja ciepła,0,0,Roślina kwitnąca
Ficus maclellandii,Ficus,6 or more hours of direct sunlight per day.,Direct sunlight.,Keep moist between watering. Must not be dry between watering,Potted plant; Primary,30,10,toksyczna,może powodować podrażnienia,Toleruje chłód,Normalna tolerancja ciepła,0,0,Palma / drzewko ozdobne
Ficus benjamina,Ficus,6 or more hours of direct sunlight per day.,Direct sunlight.,Keep moist between watering. Must not be dry between watering,Potted plant; Secondary,30,10,"toksyczna (wymioty, biegunka, podrażnienia skóry u zwierząt)","toksyczna (podrażnienia skóry, reakcje alergiczne)",Toleruje chłód,Normalna tolerancja ciepła,0,0,Palma / drzewko ozdobne
Fatsia japonica,Aralia,Bright light,Direct sunlight,Keep moist between watering. Water when soil is half dry.,Table top; Potted plant,28,8,nietoksyczna,nietoksyczna,Toleruje chłód,Normalna tolerancja ciepła,0,0,Palma / drzewko ozdobne
Euphorbia ammack,Cactus And Succulent,6 or more hours of direct sunlight per day.,Direct sunlight.,Must be dry between watering. Water only when dry.,Potted plant; Primary,35,12,"toksyczna (sok mleczny drażniący, wymioty)",toksyczna (silne podrażnienia skóry i oczu),Tylko temperatura pokojowa,Odporna na upał,0,1,Sukulent / kaktus
Ficus pumila,Ficus,6 or more hours of direct sunlight per day.,Direct sunlight.,Keep moist between watering. Must not be dry between watering,Hanging; Ground cover,30,10,toksyczna,może powodować podrażnienia skóry,Toleruje chłód,Normalna tolerancja ciepła,0,0,Palma / drzewko ozdobne
Hedera canariensis,Hanging,Bright light,Diffused,Keep moist between watering. Water when soil is half dry.,Hanging; Ground cover,30,5,"toksyczna (wymioty, biegunka)","toksyczna (podrażnienia skóry, nudności)",Odporna na chłód,Normalna tolerancja ciepła,1,0,Wisząca
Ficus lyrata,Ficus,6 or more hours of direct sunlight per day.,Direct sunlight.,Keep moist between watering. Water when soil is half dry.,Potted plant; Secondary,30,10,"toksyczna (wymioty, ślinotok)","toksyczna (podrażnienia skóry, błon śluzowych)",Toleruje chłód,Normalna tolerancja ciepła,0,0,Palma / drzewko ozdobne
Euphorbia ingens,Cactus And Succulent,6 or more hours of direct sunlight per day.,Direct sunlight.,Water only when the soil is dry. Must be dry between watering,Potted plant; Primary,35,12,"toksyczna (silne zatrucia, sok mleczny)","toksyczna (uszkodzenia skóry, oczu)",Tylko temperatura pokojowa,Odporna na upał,0,1,Sukulent / kaktus
Ficus maclellandii Alii,Ficus,6 or more hours of direct sunlight per day.,Direct sunlight.,Keep moist between watering. Must not be dry between watering,Potted plant; Primary,30,10,toksyczna,może powodować podrażnienia,Toleruje chłód,Normalna tolerancja ciepła,0,0,Palma / drzewko ozdobne
Euphorbia drupifera,Cactus And Succulent,6 or more hours of direct sunlight per day.,Direct sunlight.,Water only when the soil is dry. Must be dry between watering,Potted plant; Primary,35,12,toksyczna,toksyczna,Tylko temperatura pokojowa,Odporna na upał,0,1,Sukulent / kaktus
Hedera helix,Hanging,Bright light,Diffused,Keep moist between watering. Water when soil is half dry.,Hanging; Ground cover,30,5,"toksyczna (ślinotok, biegunka, apatia)","toksyczna (nudności, bóle brzucha, kontaktowe podrażnienia)",Odporna na chłód,Normalna tolerancja ciepła,1,0,Wisząca
Maranta leuconeura erythroneura,Hanging,Bright light,Diffused,Keep moist between watering. Water when soil is half dry.,Hanging; Table top,28,12,nietoksyczna,nietoksyczna,Tylko temperatura pokojowa,Normalna tolerancja ciepła,0,0,Wisząca
Monstera deliciosa,Philodendron,Bright light,Diffused,Water when soil is half dry. Can be dry between watering.,Potted plant; Secondary,32,12,"toksyczna (szczawiany wapnia – obrzęk pyska, ślinotok)","toksyczna (pieczenie ust, gardła)",Tylko temperatura pokojowa,Normalna tolerancja ciepła,0,0,Paproć / roślina zielona
Mandevilla X,Flower,6 or more hours of direct sunlight per day.,Direct sunlight.,Keep moist between watering. Must not be dry between watering,Flower; Potted plant,30,10,"toksyczna (biegunka, wymioty)","toksyczna (podrażnienia skóry, zatrucia po spożyciu)",Toleruje chłód,Normalna tolerancja ciepła,0,0,Roślina kwitnąca
Peperomia obtusifolia,Other,Bright light,/,Keep moist between watering. Water when soil is half dry.,Table top; Ground cover; Tertiary,32,10,nietoksyczna,nietoksyczna,Toleruje chłód,Normalna tolerancja ciepła,0,0,Inne
Ophiopogon japonicus,Grass,Bright light,Direct sunlight,Keep moist between watering. Water when soil is half dry.,Ground cover; Tertiary,28,5,nietoksyczna,nietoksyczna,Odporna na chłód,Normalna tolerancja ciepła,1,0,Paproć / roślina zielona
Hedychium coronarium,Flower,6 or more hours of direct sunlight per day.,Direct sunlight.,Keep moist between watering. Must not be dry between watering,Flower; Secondary,30,10,nietoksyczna,nietoksyczna,Toleruje chłód,Normalna tolerancja ciepła,0,0,Roślina kwitnąca
Hedera helix variegata,Hanging,Bright light,Diffused,Keep moist between watering. Water when soil is half dry.,Hanging; Ground cover,30,5,toksyczna,toksyczna,Odporna na chłód,Normalna tolerancja ciepła,1,0,Wisząca
Pellaea falcata,Fern,Bright light,Diffused,Keep moist between watering. Must not be dry between watering,Table top; Ground cover; Tertiary,25,12,nietoksyczna,nietoksyczna,Tylko temperatura pokojowa,Wrażliwa na upał,0,0,Paproć / roślina zielona
Hoya carnosa Exotica,Hanging,Bright light,Diffused,Water when soil is half dry. Can be dry between watering.,Hanging; Table top,28,12,nietoksyczna,nietoksyczna,Tylko temperatura pokojowa,Normalna tolerancja ciepła,0,0,Wisząca
Nerium oleander,Flower,6 or more hours of direct sunlight per day.,/,Keep moist between watering. Must not be dry between watering,Potted plant; Secondary,30,5,silnie toksyczna (może być śmiertelna – glikozydy nasercowe),"silnie toksyczna (zaburzenia rytmu serca, zatrucia, śmiertelna dawka)",Odporna na chłód,Normalna tolerancja ciepła,1,0,Roślina kwitnąca
Pachypodium geayi,Cactus And Succulent,6 or more hours of direct sunlight per day.,Direct sunlight.,Water only when the soil is dry. Must be dry between watering,Potted plant; Primary,35,8,"toksyczna (podrażnienia, możliwe zatrucia)","toksyczna (drażniąca, sok mleczny)",Toleruje chłód,Odporna na upał,0,1,Sukulent / kaktus
Licuala spinosa,Palm,Bright light,Direct sunlight,Keep moist between watering. Water when soil is half dry.,Potted plant; Secondary,30,15,nietoksyczna,nietoksyczna,Lubi ciepło,Normalna tolerancja ciepła,0,0,Palma / drzewko ozdobne
Philodendron,Philodendron,Bright light,Diffused,Keep moist between watering. Water when soil is half dry.,Table top; Secondary,28,18,toksyczna (szczawiany wapnia),toksyczna,Lubi ciepło,Normalna tolerancja ciepła,0,0,Paproć / roślina zielona
Neoregelia Flandria,Bromeliad,Bright light,Diffused,Change water regularly in the vase. Water when soil is half dry.,Table top; Colors / Forms,30,12,nietoksyczna,nietoksyczna,Tylko temperatura pokojowa,Normalna tolerancja ciepła,0,0,Roślina kwitnąca
Liriope muscari Variegata,Foliage plant,Bright light,Direct sunlight,Keep moist between watering. Water when soil is half dry.,Ground cover; Table top,30,8,nietoksyczna,nietoksyczna,Toleruje chłód,Normalna tolerancja ciepła,0,0,Paproć / roślina zielona
Philodendron micans,Philodendron,Bright light,Diffused,Keep moist between watering. Water when soil is half dry.,Hanging; Secondary,28,18,toksyczna,toksyczna,Lubi ciepło,Normalna tolerancja ciepła,0,0,Paproć / roślina zielona
Maranta leuconeura kerchoveana,Hanging,Bright light,Diffused,Keep moist between watering. Water when soil is half dry.,Hanging; Table top,28,12,nietoksyczna,nietoksyczna,Tylko temperatura pokojowa,Normalna tolerancja ciepła,0,0,Wisząca
Neoregelia Victoria Pink,Bromeliad,Bright light,Diffused,Change water regularly in the vase. Water when soil is half dry.,Table top; Colors / Forms,30,12,nietoksyczna,nietoksyczna,Tylko temperatura pokojowa,Normalna tolerancja ciepła,0,0,Roślina kwitnąca
Nolina recurvata,Foliage plant,6 or more hours of direct sunlight per day.,Direct sunlight.,Water when soil is half dry. Can be dry between watering.,Primary; Potted plant,32,12,toksyczna (łagodne zatrucia u kotów przy spożyciu),nietoksyczna,Tylko temperatura pokojowa,Normalna tolerancja ciepła,0,0,Paproć / roślina zielona
Phalaenopsis X,Flower,Bright light,Diffused,Water when soil is half dry. Can be dry between watering.,Table top; Secondary,28,12,nietoksyczna,nietoksyczna,Tylko temperatura pokojowa,Normalna tolerancja ciepła,0,0,Roślina kwitnąca
Hyophorbe verschaffeltii,Palm,6 or more hours of direct sunlight per day.,Direct sunlight.,Keep moist between watering. Water when soil is half dry.,Potted plant; Primary,35,10,nietoksyczna,nietoksyczna,Toleruje chłód,Odporna na upał,0,1,Palma / drzewko ozdobne
Nolina guatemalensis,Foliage plant,6 or more hours of direct sunlight per day.,Direct sunlight.,Water when soil is half dry. Can be dry between watering.,Primary; Potted plant,32,12,toksyczna,nietoksyczna,Tylko temperatura pokojowa,Normalna tolerancja ciepła,0,0,Paproć / roślina zielona
Medinilla magnifica,Flower,6 or more hours of direct sunlight per day.,Direct sunlight.,Keep moist between watering. Must not be dry between watering,Potted plant; Flower,30,15,nietoksyczna,nietoksyczna,Lubi ciepło,Normalna tolerancja ciepła,0,0,Roślina kwitnąca
Hibiscus rosa sinensis,Flower,6 or more hours of direct sunlight per day.,Direct sunlight.,Keep moist between watering. Must not be dry between watering,Flower; Secondary,28,10,nietoksyczna,nietoksyczna,Toleruje chłód,Normalna tolerancja ciepła,0,0,Roślina kwitnąca
Nephrolepis exaltata var,Fern,Bright light,Diffused,Keep moist between watering. Water when soil is half dry.,Hanging; Tertiary,28,10,nietoksyczna,nietoksyczna,Toleruje chłód,Normalna tolerancja ciepła,0,0,Paproć / roślina zielona
Howea forsteriana,Palm,Bright light,Diffused,Keep moist between watering. Must not be dry between watering,Potted plant; Primary,28,12,nietoksyczna,nietoksyczna,Tylko temperatura pokojowa,Normalna tolerancja ciepła,0,0,Palma / drzewko ozdobne
Homalomena,Foliage plant,Bright light,Diffused,Keep moist between watering. Water when soil is half dry.,Table top; Tertiary,28,10,toksyczna,toksyczna,Toleruje chłód,Normalna tolerancja ciepła,0,0,Paproć / roślina zielona
Peperomia clusiifolia,Other,Bright light,/,Keep moist between watering. Water when soil is half dry.,Table top; Ground cover; Tertiary,32,10,nietoksyczna,nietoksyczna,Toleruje chłód,Normalna tolerancja ciepła,0,0,Inne
Pandorea jasminoides,Flower,6 or more hours of direct sunlight per day.,Direct sunlight.,Keep moist between watering. Water when soil is half dry.,Potted plant; Secondary,28,8,lekko toksyczna,może powodować nudności po spożyciu,Toleruje chłód,Normalna tolerancja ciepła,0,0,Roślina kwitnąca
Neoregelia carolinae var.,Bromeliad,Bright light,Diffused,Change water regularly in the vase. Water when soil is half dry.,Table top; Colors / Forms,30,12,nietoksyczna,nietoksyczna,Tylko temperatura pokojowa,Normalna tolerancja ciepła,0,0,Roślina kwitnąca
Radermachera sinica,Other,6 or more hours of direct sunlight per day.,Direct sunlight.,Keep moist between watering. Water when soil is half dry.,Table top; Tertiary,28,8,nietoksyczna,nietoksyczna,Toleruje chłód,Normalna tolerancja ciepła,0,0,Inne
Pteris cretica Parkeri,Fern,Bright light,/,Keep moist between watering. Must not be dry between watering,Table top; Tertiary,28,12,nietoksyczna,nietoksyczna,Tylko temperatura pokojowa,Normalna tolerancja ciepła,0,0,Paproć / roślina zielona
Polystichum tsus simense,Fern,Bright light,/,Keep moist between watering. Must not be dry between watering,Table top; Tertiary,28,-5,nietoksyczna,nietoksyczna,Odporna na chłód,Normalna tolerancja ciepła,1,0,Paproć / roślina zielona
Polystichum polyblepharum,Fern,Bright light,/,Keep moist between watering. Must not be dry between watering,Table top; Tertiary,28,-5,nietoksyczna,nietoksyczna,Odporna na chłód,Normalna tolerancja ciepła,1,0,Paproć / roślina zielona
Ravenea rivularis,Palm,6 or more hours of direct sunlight per day.,Direct sunlight.,Keep moist between watering. Must not be dry between watering,Potted plant; Secondary,30,8,nietoksyczna,nietoksyczna,Toleruje chłód,Normalna tolerancja ciepła,0,0,Palma / drzewko ozdobne
Polyscias scutellaria,Aralia,6 or more hours of direct sunlight per day.,Direct sunlight.,Keep moist between watering. Water when soil is half dry.,Potted plant; Primary,30,12,toksyczna,toksyczna,Tylko temperatura pokojowa,Normalna tolerancja ciepła,0,0,Palma / drzewko ozdobne
Pteris cretica Albo lineata,Fern,Bright light,/,Keep moist between watering. Must not be dry between watering,Table top; Tertiary,28,12,nietoksyczna,nietoksyczna,Tylko temperatura pokojowa,Normalna tolerancja ciepła,0,0,Paproć / roślina zielona
Platycerium bifurcatum,Fern,Bright light,Diffused,Keep moist between watering. Water when soil is half dry.,Potted plant; Tertiary,30,5,nietoksyczna,nietoksyczna,Odporna na chłód,Normalna tolerancja ciepła,1,0,Paproć / roślina zielona
Philodendron Xanadu,Philodendron,Bright light,Diffused,Keep moist between watering. Water when soil is half dry.,Potted plant; Secondary,28,18,toksyczna,toksyczna,Lubi ciepło,Normalna tolerancja ciepła,0,0,Paproć / roślina zielona
Polyscias pinnatta,Aralia,6 or more hours of direct sunlight per day.,Direct sunlight.,Keep moist between watering. Water when soil is half dry.,Potted plant; Primary,30,12,toksyczna,toksyczna,Tylko temperatura pokojowa,Normalna tolerancja ciepła,0,0,Palma / drzewko ozdobne
Philodendron Tatei Congo,Philodendron,Bright light,Diffused,Keep moist between watering. Water when soil is half dry.,Table top; Secondary,28,18,toksyczna,toksyczna,Lubi ciepło,Normalna tolerancja ciepła,0,0,Paproć / roślina zielona
Sansevieria trifasciata Laurentii,Sansevieria,Bright light,Diffused,Water when soil is half dry. Can be dry between watering.,Potted plant; Tertiary,35,10,"toksyczna (nudności, wymioty)","lekko toksyczna (gorzkawy smak, biegunka)",Toleruje chłód,Odporna na upał,0,1,Paproć / roślina zielona
Philodendron pinnatifidum,Philodendron,Bright light,Diffused,Keep moist between watering. Water when soil is half dry.,Table top; Tertiary,28,18,toksyczna,toksyczna,Lubi ciepło,Normalna tolerancja ciepła,0,0,Paproć / roślina zielona
Podocarpus gracilior,Foliage plant,6 or more hours of direct sunlight per day.,Direct sunlight.,Keep moist between watering. Must not be dry between watering,Potted plant; Primary,30,10,"toksyczna (senność, wymioty)","toksyczna (bóle brzucha, wymioty)",Toleruje chłód,Normalna tolerancja ciepła,0,0,Paproć / roślina zielona
Sansevieria trifasciata Hahnii,Sansevieria,Bright light,Diffused,Water when soil is half dry. Can be dry between watering.,Table top; Tertiary,35,10,toksyczna,lekko toksyczna,Toleruje chłód,Odporna na upał,0,1,Paproć / roślina zielona
Sansevieria trifasciata,Sansevieria,Bright light,Diffused,Water when soil is half dry. Can be dry between watering.,Potted plant; Primary,35,10,toksyczna,lekko toksyczna,Toleruje chłód,Odporna na upał,0,1,Paproć / roślina zielona
Polyscias crispata,Aralia,6 or more hours of direct sunlight per day.,Direct sunlight.,Keep moist between watering. Water when soil is half dry.,Potted plant; Primary,30,12,toksyczna,toksyczna,Tylko temperatura pokojowa,Normalna tolerancja ciepła,0,0,Palma / drzewko ozdobne
Phoenix roebellinii,Palm,6 or more hours of direct sunlight per day.,/,Keep moist between watering. Must not be dry between watering,Potted plant; Primary,28,8,nietoksyczna,nietoksyczna,Toleruje chłód,Normalna tolerancja ciepła,0,0,Palma / drzewko ozdobne
Polyscias pinnata Marginata,Aralia,6 or more hours of direct sunlight per day.,Direct sunlight.,Keep moist between watering. Water when soil is half dry.,Potted plant; Primary,30,12,toksyczna,toksyczna,Tylko temperatura pokojowa,Normalna tolerancja ciepła,0,0,Palma / drzewko ozdobne
Polyscias fruticosa Elegans,Aralia,6 or more hours of direct sunlight per day.,Direct sunlight.,Keep moist between watering. Water when soil is half dry.,Potted plant; Primary,30,12,toksyczna,toksyczna,Tylko temperatura pokojowa,Normalna tolerancja ciepła,0,0,Palma / drzewko ozdobne
Philodendron selloum,Philodendron,Bright light,Diffused,Keep moist between watering. Water when soil is half dry.,Potted plant; Secondary,28,18,toksyczna,toksyczna,Lubi ciepło,Normalna tolerancja ciepła,0,0,Paproć / roślina zielona
Pteris ensiformis Evergemiensis,Fern,Bright light,/,Keep moist between watering. Must not be dry between watering,Table top; Tertiary,28,12,nietoksyczna,nietoksyczna,Tylko temperatura pokojowa,Normalna tolerancja ciepła,0,0,Paproć / roślina zielona
Rhapis excelsa,Palm,Bright light,Diffused,Keep moist between watering. Must not be dry between watering,Potted plant; Secondary,30,8,nietoksyczna,nietoksyczna,Toleruje chłód,Normalna tolerancja ciepła,0,0,Palma / drzewko ozdobne
Polyscias fruticosa,Aralia,6 or more hours of direct sunlight per day.,Direct sunlight.,Keep moist between watering. Water when soil is half dry.,Potted plant; Primary,30,12,toksyczna,toksyczna,Tylko temperatura pokojowa,Normalna tolerancja ciepła,0,0,Palma / drzewko ozdobne
Philodendron scandens oxycardium,Philodendron,Bright light,Diffused,Keep moist between watering. Water when soil is half dry.,Potted plant; Secondary,28,18,toksyczna,toksyczna,Lubi ciepło,Normalna tolerancja ciepła,0,0,Paproć / roślina zielona
Veitchia merrillii,Palm,6 or more hours of direct sunlight per day.,Direct sunlight.,Keep moist between watering. Must not be dry between watering,Potted plant; Secondary,30,15,nietoksyczna,nietoksyczna,Lubi ciepło,Normalna tolerancja ciepła,0,0,Palma / drzewko ozdobne
Spathiphyllum Lynise,Spathiphyllum,Bright light,Diffused,Keep moist between watering. Must not be dry between watering,Potted plant; Secondary,28,15,toksyczna (szczawiany wapnia),toksyczna,Lubi ciepło,Normalna tolerancja ciepła,0,0,Roślina kwitnąca
Spathiphyllum Ceres,Spathiphyllum,Bright light,Diffused,Keep moist between watering. Must not be dry between watering,Table top; Tertiary,28,15,toksyczna,toksyczna,Lubi ciepło,Normalna tolerancja ciepła,0,0,Roślina kwitnąca
Vriesea splendens,Bromeliad,Bright light,Diffused,Change water regularly in the vase. Water when soil is half dry.,Table top; Tertiary,28,15,nietoksyczna,nietoksyczna,Lubi ciepło,Normalna tolerancja ciepła,0,0,Roślina kwitnąca
Trichilia dregei,Other,Bright light,Diffused,Keep moist between watering. Must not be dry between watering,Potted plant; Secondary,28,12,toksyczna,toksyczna,Tylko temperatura pokojowa,Normalna tolerancja ciepła,0,0,Inne
Vriesea Ginger,Bromeliad,Bright light,Diffused,Change water regularly in the vase. Water when soil is half dry.,Table top; Tertiary,28,15,nietoksyczna,nietoksyczna,Lubi ciepło,Normalna tolerancja ciepła,0,0,Roślina kwitnąca
Vriesea Charlotte,Bromeliad,Bright light,Diffused,Change water regularly in the vase. Water when soil is half dry.,Table top; Tertiary,28,15,nietoksyczna,nietoksyczna,Lubi ciepło,Normalna tolerancja ciepła,0,0,Roślina kwitnąca
Syngonium podophyllum,Hanging,Bright light,Diffused,Keep moist between watering. Water when soil is half dry.,Hanging; Tertiary,28,12,"toksyczna (szczawiany wapnia – ślinotok, wymioty)","toksyczna (pieczenie ust, gardła)",Tylko temperatura pokojowa,Normalna tolerancja ciepła,0,0,Wisząca
Syagrus schizophylla,Palm,6 or more hours of direct sunlight per day.,Direct sunlight.,Keep moist between watering. Water when soil is half dry.,Potted plant; Primary,30,12,nietoksyczna,nietoksyczna,Tylko temperatura pokojowa,Normalna tolerancja ciepła,0,0,Palma / drzewko ozdobne
Tillandsia cyanea,Bromeliad,Bright light,Diffused,Change water regularly in the vase. Water when soil is half dry.,Table top; Tertiary,30,15,nietoksyczna,nietoksyczna,Lubi ciepło,Normalna tolerancja ciepła,0,0,Roślina kwitnąca
Vriesea Christiane,Bromeliad,Bright light,Diffused,Change water regularly in the vase. Water when soil is half dry.,Table top; Tertiary,28,15,nietoksyczna,nietoksyczna,Lubi ciepło,Normalna tolerancja ciepła,0,0,Roślina kwitnąca
Tillandsia Creation,Bromeliad,Bright light,Diffused,Change water regularly in the vase. Water when soil is half dry.,Table top; Tertiary,30,15,nietoksyczna,nietoksyczna,Lubi ciepło,Normalna tolerancja ciepła,0,0,Roślina kwitnąca
Xanthosoma lindenii,Foliage plant,Bright light,Diffused,Keep moist between watering. Water when soil is half dry.,Potted plant; Primary,28,12,toksyczna,toksyczna,Tylko temperatura pokojowa,Normalna tolerancja ciepła,0,0,Paproć / roślina zielona
Schefflera elegantissima,Aralia,6 or more hours of direct sunlight per day.,Direct sunlight.,Keep moist between watering. Can dry between watering,Potted plant; Secondary,28,12,"toksyczna (szczawiany, gorzki sok)",toksyczna,Tylko temperatura pokojowa,Normalna tolerancja ciepła,0,0,Palma / drzewko ozdobne
Spathiphyllum Sensation,Spathiphyllum,Bright light,Diffused,Keep moist between watering. Must not be dry between watering,Potted plant; Primary,28,15,toksyczna,toksyczna,Lubi ciepło,Normalna tolerancja ciepła,0,0,Roślina kwitnąca
Spathiphyllum Starlight,Spathiphyllum,Bright light,Diffused,Keep moist between watering. Must not be dry between watering,Table top; Tertiary,28,15,toksyczna,toksyczna,Lubi ciepło,Normalna tolerancja ciepła,0,0,Roślina kwitnąca
Sedum morganianum,Hanging,6 or more hours of direct sunlight per day.,Direct sunlight.,Water only when the soil is dry. Must be dry between watering,Hanging; Tertiary,35,8,nietoksyczna,nietoksyczna,Toleruje chłód,Odporna na upał,0,1,Wisząca
Spathiphyllum Domino,Spathiphyllum,Bright light,Diffused,Keep moist between watering. Must not be dry between watering,Table top; Tertiary,28,15,toksyczna,toksyczna,Lubi ciepło,Normalna tolerancja ciepła,0,0,Roślina kwitnąca
Scindapsus pictus argyraeus,Hanging,Bright light,Diffused,Water when soil is half dry. Can be dry between watering.,Hanging; Tertiary,30,12,toksyczna,toksyczna,Tylko temperatura pokojowa,Normalna tolerancja ciepła,0,0,Wisząca
Xanthorrhoea arborea,Other,6 or more hours of direct sunlight per day.,/,Water only when the soil is dry. Must be dry between watering,Potted plant; Primary,35,12,nietoksyczna (dane ograniczone),nietoksyczna,Tylko temperatura pokojowa,Odporna na upał,0,1,Inne
Schefflera arboricola Trinette,Schefflera,6 or more hours of direct sunlight per day.,Direct sunlight.,Keep moist between watering. Water when soil is half dry.,Table top; Secondary,30,12,toksyczna,toksyczna,Tylko temperatura pokojowa,Normalna tolerancja ciepła,0,0,Palma / drzewko ozdobne
Schefflera actinophylla Amate,Schefflera,6 or more hours of direct sunlight per day.,Direct sunlight.,Keep moist between watering. Water when soil is half dry.,Potted plant; Secondary,28,12,toksyczna,toksyczna,Tylko temperatura pokojowa,Normalna tolerancja ciepła,0,0,Palma / drzewko ozdobne
Schefflera actinophylla Renegade,Schefflera,6 or more hours of direct sunlight per day.,Direct sunlight.,Keep moist between watering. Water when soil is half dry.,Potted plant; Secondary,28,12,toksyczna,toksyczna,Tylko temperatura pokojowa,Normalna tolerancja ciepła,0,0,Palma / drzewko ozdobne
Sansevieria trifasciata var,Sansevieria,Bright light,Diffused,Water when soil is half dry. Can be dry between watering.,Potted plant; Secondary,35,10,toksyczna,lekko toksyczna,Toleruje chłód,Odporna na upał,0,1,Paproć / roślina zielona
Spathiphyllum Supreme,Spathiphyllum,Bright light,Diffused,Keep moist between watering. Must not be dry between watering,Potted plant; Secondary,28,15,toksyczna,toksyczna,Lubi ciepło,Normalna tolerancja ciepła,0,0,Roślina kwitnąca
Schefflera arboricola,Schefflera,6 or more hours of direct sunlight per day.,Direct sunlight.,Keep moist between watering. Water when soil is half dry.,Potted plant; Secondary,30,12,toksyczna,toksyczna,Tylko temperatura pokojowa,Normalna tolerancja ciepła,0,0,Palma / drzewko ozdobne
Spathiphyllum,Spathiphyllum,Bright light,Diffused,Keep moist between watering. Must not be dry between watering,Table top; Tertiary,28,15,toksyczna,toksyczna,Lubi ciepło,Normalna tolerancja ciepła,0,0,Roślina kwitnąca
Strelitzia nicolai,Foliage plant,6 or more hours of direct sunlight per day.,Direct sunlight.,Keep moist between watering. Water when soil is half dry.,Table top; Tertiary,30,12,toksyczna (łagodne zatrucia),lekko toksyczna (niestrawność),Tylko temperatura pokojowa,Normalna tolerancja ciepła,0,0,Paproć / roślina zielona
Zamioculcas zamifolia,Foliage plant,Bright light,Diffused,Keep moist between watering. Water when soil is half dry.,Table top; Secondary,30,12,"toksyczna (kontakt i spożycie – wymioty, biegunka)","toksyczna (szczawiany wapnia – podrażnienia skóry, jamy ustnej)",Tylko temperatura pokojowa,Normalna tolerancja ciepła,0,0,Paproć / roślina zielona
Yucca elephantipes,Dracaena,6 or more hours of direct sunlight per day.,Direct sunlight.,Keep moist between watering. Water when soil is half dry.,Potted plant; Secondary,30,12,"toksyczna (saponiny – wymioty, biegunka)","lekko toksyczna (bóle brzucha, nudności)",Tylko temperatura pokojowa,Normalna tolerancja ciepła,0,0,Paproć / roślina zielona
